date,name,team,opponent,minutes,points,rebounds,assists,steals,blocks,turnovers,three_pt_fg,three_pt_attempts,two_pt_fg,two_pt_attempts,free_throws_made,free_throw_attempts,offensive_rebounds,defensive_rebounds,fouls,dk_points,dk_std,dk_25_percentile,dk_50_percentile,dk_75_percentile,dk_85_percentile,dk_95_percentile,dk_99_percentile,price,value,proj_own,position,roster_pos,injury,injury_notes,injury_confirmed,confirmed,site,slate,gid,pid,num_games,possessions,double_doubles,triple_doubles,timestamp,points_rebounds,points_assists,rebounds_assists,points_rebounds_assists,stocks
2024-12-06,Guerschon Yabusele,PHI,ORL,31.7291,9.48067,5.87067,1.68767,0.799667,0.596,1.12867,1.48367,4.18067,1.83333,3.188,1.363,1.681,1.369,4.50167,3.14533,22.3968,8.24624,16.5,21.75,27.5,31.25,37.25,43.0025,6000,3.685883333333334,0.00133333,PF,PF,,,False,False,fd,e69f068c-f0de-462d-b88b-e6dafc1bb1f1,3303ceb8-2460-4181-9e4e-99506729957a,c9b3cbbe-1e2a-4e9c-aec6-b3bf848c5da9,3000,60.3027,0.0516667,0.0,1733517444000,15.35134,11.16834,7.558339999999999,17.03901,1.395667
2024-12-06,Reggie Jackson,PHI,ORL,3.29161,1.819,0.261333,0.335667,0.0713333,0.0233333,0.244667,0.229333,0.692333,0.393,0.876,0.345,0.408667,0.0623333,0.199,0.266,2.83083,4.74262,0.0,0.0,4.0,7.0,12.75,21.0,3600,0.7431749999999999,0.0,PG,PG,,,False,False,fd,e69f068c-f0de-462d-b88b-e6dafc1bb1f1,3303ceb8-2460-4181-9e4e-99506729957a,3712e9a0-5ea4-4f3c-b586-7c0f9ea82ab7,3000,6.32167,0.0,0.0,1733517444000,2.080333,2.154667,0.597,2.416,0.0946666
2024-12-06,Franz Wagner,ORL,PHI,36.7361,27.1843,5.80367,5.39233,1.41367,0.473667,3.161,2.084,5.70867,8.06667,13.967,4.799,5.67767,1.21633,4.58733,3.38467,45.9616,11.402,38.0,45.75,53.75,57.75,64.75,72.505,9600,4.660229166666666,0.153333,SF/PF,SF/PF,,,True,False,fd,e69f068c-f0de-462d-b88b-e6dafc1bb1f1,3303ceb8-2460-4181-9e4e-99506729957a,705a7599-38ef-4169-89d7-b0d0c0231a24,3000,69.2947,0.122667,0.00466667,1733517444000,32.987970000000004,32.57663,11.196000000000002,38.380300000000005,1.887337
2024-12-06,Tyrese Maxey,PHI,ORL,36.8211,23.1267,3.43567,4.842,1.332,0.340333,2.21367,2.793,7.189,5.29633,10.5567,4.155,4.83533,0.782667,2.653,3.43533,38.3726,10.9338,30.75,38.25,45.75,49.5,56.5,65.755,8900,4.192786516853933,0.0393333,PG,PG,,,True,False,fd,e69f068c-f0de-462d-b88b-e6dafc1bb1f1,3303ceb8-2460-4181-9e4e-99506729957a,3fa09146-0f72-4fbb-8a78-26db0017b737,3000,69.9847,0.036,0.0,1733517444000,26.56237,27.9687,8.27767,31.40437,1.672333
2024-12-06,Wendell Carter,ORL,PHI,26.4377,8.526,7.31333,2.02833,0.726333,0.562667,0.734667,0.725,2.242,2.47633,4.33533,1.39833,1.94033,1.498,5.81533,2.279,23.4588,8.63771,17.0,22.5,28.75,32.5,39.25,47.5025,4900,4.791183673469388,0.0433333,C,C,,,True,False,fd,e69f068c-f0de-462d-b88b-e6dafc1bb1f1,3303ceb8-2460-4181-9e4e-99506729957a,4e19fbc3-cdc6-4b5b-b80d-1d4c1e58053a,3000,49.8973,0.117,0.0,1733517444000,15.83933,10.55433,9.34166,17.86766,1.2890000000000001
2024-12-06,Jalen Suggs,ORL,PHI,34.1393,16.1293,3.47433,3.926,1.29933,0.771333,2.46167,2.06767,6.13867,3.62833,6.96533,2.66967,3.542,0.701,2.77333,2.47967,30.3261,9.5406,23.75,30.0,36.5,40.25,47.0,53.5025,6500,4.605830769230769,0.140667,SG/PG,SG/PG,,,True,False,fd,e69f068c-f0de-462d-b88b-e6dafc1bb1f1,3303ceb8-2460-4181-9e4e-99506729957a,6c9e0530-c059-4fac-8794-d2f46b600a29,3000,64.3157,0.013,0.000333333,1733517444000,19.603630000000003,20.055300000000003,7.40033,23.529630000000004,2.070663
2024-12-06,Goga Bitadze,ORL,PHI,25.0848,8.78533,6.81767,2.766,0.787667,1.478,1.07167,0.306,0.969333,3.23433,5.03033,1.39867,2.12767,1.365,5.45267,1.63867,25.7444,9.13795,19.25,25.0,31.5,35.25,42.25,50.25,5600,4.793017857142857,0.0573333,C,C,,,True,False,fd,e69f068c-f0de-462d-b88b-e6dafc1bb1f1,3303ceb8-2460-4181-9e4e-99506729957a,6b90d951-dcb0-4241-b9cf-c3a28155eb61,3000,47.2887,0.0923333,0.000333333,1733517444000,15.603,11.55133,9.58367,18.369,2.265667
2024-12-06,Paul George,PHI,ORL,32.4241,17.1337,4.83433,4.35367,1.508,0.520667,2.477,2.267,6.277,3.63433,7.66267,3.064,3.527,1.11467,3.71967,1.97733,33.7309,10.5479,26.25,33.25,40.5,44.75,52.25,61.0,7700,4.295376623376622,0.0993333,SF/SG,SF/SG,,,True,False,fd,e69f068c-f0de-462d-b88b-e6dafc1bb1f1,3303ceb8-2460-4181-9e4e-99506729957a,758b3386-83e4-4c8b-a460-dbecc128be90,3000,61.636,0.0463333,0.000666667,1733517444000,21.96803,21.487370000000002,9.187999999999999,26.3217,2.028667
2024-12-06,Kyle Lowry,PHI,ORL,12.0198,2.771,1.28467,1.90533,0.52,0.155333,0.471667,0.482667,1.50767,0.374667,0.809333,0.573667,0.694,0.297333,0.987333,0.907333,8.5915,7.14134,2.25,7.75,13.3125,16.25,21.5,28.2525,3900,2.2371615384615384,0.0,PG,PG,,,False,False,fd,e69f068c-f0de-462d-b88b-e6dafc1bb1f1,3303ceb8-2460-4181-9e4e-99506729957a,79e1fa86-5aab-44b7-9911-7b3d19a5e955,3000,22.8537,0.000333333,0.0,1733517444000,4.05567,4.67633,3.19,5.961,0.675333
2024-12-06,Caleb Martin,PHI,ORL,12.8688,3.24267,1.81033,0.758333,0.418667,0.250667,0.475667,0.385333,1.15633,0.752667,1.56567,0.581333,0.755,0.420333,1.39,1.07467,7.93708,6.28316,2.5,7.25,12.0,14.75,19.25,25.5025,5000,1.6169799999999999,0.0,PF/SF,PF/SF,,,False,False,fd,e69f068c-f0de-462d-b88b-e6dafc1bb1f1,3303ceb8-2460-4181-9e4e-99506729957a,7b46e237-bd9e-42a3-9b75-488a60222aff,3000,24.4277,0.000333333,0.0,1733517444000,5.053,4.001003,2.568663,5.811333,0.669334
2024-12-06,Jonathan Isaac,ORL,PHI,17.7134,5.733,4.84533,0.868333,0.724667,1.03233,0.560333,0.680333,1.96733,1.37733,2.57067,0.937333,1.327,1.10267,3.74267,1.40433,16.7042,8.95774,10.4375,16.75,22.5,25.5,31.75,40.0025,4300,4.083860465116279,0.0466667,SF/PF,SF/PF,,,False,False,fd,e69f068c-f0de-462d-b88b-e6dafc1bb1f1,3303ceb8-2460-4181-9e4e-99506729957a,871f4d7b-a8a4-412c-b2ac-e6cb7aa10106,3000,33.4027,0.0253333,0.0,1733517444000,10.57833,6.6013329999999995,5.7136629999999995,11.446663,1.756997
2024-12-06,Ricky Council,PHI,ORL,9.28059,3.341,1.04367,0.664667,0.180333,0.0636667,0.267333,0.292667,0.9,0.705667,1.49233,1.05167,1.32733,0.251,0.792667,0.821333,6.14325,6.1057,0.0,4.75,10.0,12.75,17.7625,24.5,4100,1.4768463414634145,0.0,SG,SG,,,False,False,fd,e69f068c-f0de-462d-b88b-e6dafc1bb1f1,3303ceb8-2460-4181-9e4e-99506729957a,c77dd679-6182-4224-bf5f-e94601cbb17a,3000,17.777,0.0,0.0,1733517444000,4.38467,4.005667,1.7083370000000002,5.0493369999999995,0.24399969999999999
2024-12-06,Anthony Black,ORL,PHI,23.3762,7.17967,2.62433,3.58,0.637667,0.474,1.64433,0.731,1.87767,1.892,3.507,1.20267,1.794,0.578333,2.046,2.162,17.6028,7.14451,12.75,17.5,22.0,25.0,29.5,36.0,4000,4.347375,0.0833333,PG/SG,PG/SG,,,False,False,fd,e69f068c-f0de-462d-b88b-e6dafc1bb1f1,3303ceb8-2460-4181-9e4e-99506729957a,9601fd77-fc04-4af8-8713-f914d6024b30,3000,44.3603,0.004,0.0,1733517444000,9.804,10.75967,6.204330000000001,13.384,1.111667
2024-12-06,Moritz Wagner,ORL,PHI,20.5792,12.307,5.287,2.016,0.714667,0.441667,1.548,0.786667,2.346,3.59433,5.478,2.75833,3.39667,1.141,4.146,1.68933,23.9613,10.039,17.0,23.5,30.5,34.5,41.0,49.25,5000,4.7192799999999995,0.109333,C/PF,C/PF,,,False,False,fd,e69f068c-f0de-462d-b88b-e6dafc1bb1f1,3303ceb8-2460-4181-9e4e-99506729957a,cd58c312-06a1-4610-802b-16da2fa411e8,3000,39.2017,0.0596667,0.0,1733517444000,17.594,14.323,7.303,19.61,1.156334
2024-12-06,Kentavious Caldwell-Pope,ORL,PHI,29.9103,9.181,2.61033,2.19667,1.208,0.498,0.931333,1.527,4.11967,1.649,3.53667,1.302,1.49433,0.546333,2.064,2.35867,19.4487,7.57776,14.25,18.75,24.0625,27.25,33.0,39.0025,4500,4.398911111111111,0.056,SG,SG,,,True,False,fd,e69f068c-f0de-462d-b88b-e6dafc1bb1f1,3303ceb8-2460-4181-9e4e-99506729957a,9c0c0664-0328-45c6-b47c-a16be81db981,3000,56.4603,0.0,0.0,1733517444000,11.791329999999999,11.377669999999998,4.807,13.988,1.706
2024-12-06,Cole Anthony,ORL,PHI,2.16686,1.35233,0.415667,0.297,0.045,0.0203333,0.202333,0.148,0.425,0.292333,0.645,0.323667,0.385667,0.11,0.305667,0.200667,2.42092,5.00549,0.0,0.0,2.5625,5.5,13.75,24.0,3700,0.6189999999999999,0.0,PG/SG,PG/SG,,,False,False,fd,e69f068c-f0de-462d-b88b-e6dafc1bb1f1,3303ceb8-2460-4181-9e4e-99506729957a,5db54446-0ed8-4c0b-baca-ce8c0cb78b74,3000,4.162,0.0,0.0,1733517444000,1.767997,1.64933,0.7126669999999999,2.064997,0.0653333
2024-12-06,Tristan da Silva,ORL,PHI,16.6281,5.21767,2.418,1.719,0.388667,0.208,0.466333,0.648,1.723,1.19267,2.363,0.888333,1.14867,0.528,1.89,2.04367,12.1043,7.36152,6.75,12.0,17.0,19.5,24.75,32.25,3800,3.1635263157894737,0.004,SF,SF,,,False,False,fd,e69f068c-f0de-462d-b88b-e6dafc1bb1f1,3303ceb8-2460-4181-9e4e-99506729957a,3e01e4ae-ca55-4639-bb0b-3416f3e6eec5,3000,31.66,0.001,0.0,1733517444000,7.63567,6.93667,4.1370000000000005,9.35467,0.596667
2024-12-06,Andre Drummond,PHI,ORL,26.4725,10.068,10.4277,1.35433,1.68233,0.850667,1.77333,0.095,0.325333,3.98767,7.534,1.80767,3.116,2.45233,7.97533,2.348,29.8889,10.4536,22.0,29.25,37.0625,41.25,48.0,55.25,5100,5.968313725490196,0.125333,C,C,Q,,True,False,fd,e69f068c-f0de-462d-b88b-e6dafc1bb1f1,3303ceb8-2460-4181-9e4e-99506729957a,eff16438-2d85-4433-80bc-b45e4d0db37d,3000,49.8703,0.352,0.0,1733517444000,20.4957,11.422329999999999,11.782029999999999,21.85003,2.532997
2024-12-06,Jared McCain,PHI,ORL,23.851,13.986,3.02033,1.55233,0.78,0.085,1.51133,1.76967,4.751,3.09667,6.037,2.48367,2.97367,0.721667,2.29867,2.62533,21.9541,9.19366,15.5,21.5,27.75,31.5,38.25,44.7525,6400,3.2847812500000004,0.004,SG/PG,SG/PG,,,False,False,fd,e69f068c-f0de-462d-b88b-e6dafc1bb1f1,3303ceb8-2460-4181-9e4e-99506729957a,0706fa16-6fd8-4748-8c5c-a21fc01e73b9,3000,45.8057,0.00333333,0.0,1733517444000,17.006330000000002,15.53833,4.57266,18.558660000000003,0.865
2024-12-06,Jett Howard,ORL,PHI,8.35437,3.16,1.01733,0.82,0.0653333,0.170333,0.333667,0.65,1.93667,0.395667,0.763667,0.418667,0.533333,0.231333,0.786,0.607333,6.29117,6.66988,0.0,4.5,10.5,14.0,19.0,25.5025,3600,1.6622583333333334,0.0,SF,SF,,,False,False,fd,e69f068c-f0de-462d-b88b-e6dafc1bb1f1,3303ceb8-2460-4181-9e4e-99506729957a,f5079ed5-0665-4fb9-a0de-2755153761a7,3000,15.86,0.0,0.0,1733517444000,4.17733,3.98,1.8373300000000001,4.997330000000001,0.2356663
2024-12-06,KJ Martin,PHI,ORL,21.7914,5.72933,3.49567,1.34333,0.403667,0.683667,0.497333,0.331333,1.03033,1.86367,3.166,1.008,1.49367,0.824,2.67167,1.872,14.2081,6.55045,9.5,13.75,18.5,21.0,25.75,31.25,4400,3.341772727272727,0.0,PF,PF,,,True,False,fd,e69f068c-f0de-462d-b88b-e6dafc1bb1f1,3303ceb8-2460-4181-9e4e-99506729957a,afe5dc05-a727-485d-9501-70d9d75062ad,3000,41.372,0.00166667,0.0,1733517444000,9.225,7.07266,4.839,10.56833,1.087334
2024-12-06,Kelly Oubre,PHI,ORL,30.5765,11.0177,4.324,1.289,0.972,0.543333,1.274,1.33333,4.174,2.51867,5.14767,1.98033,2.67867,1.027,3.297,2.03433,21.4455,8.37169,15.5,20.75,27.0,30.5,36.25,42.0,5800,3.6917241379310344,0.00866667,SG/SF,SG/SF,,,True,False,fd,e69f068c-f0de-462d-b88b-e6dafc1bb1f1,3303ceb8-2460-4181-9e4e-99506729957a,3548175b-6072-4f1f-8058-d55f01dd8a7d,3000,58.0653,0.0193333,0.0,1733517444000,15.3417,12.3067,5.6129999999999995,16.6307,1.515333
2024-12-06,De'Andre Hunter,ATL,LAL,24.3219,15.911,3.51933,0.955667,0.669667,0.257667,1.32533,1.91667,4.94433,3.57167,6.52633,3.01767,3.70567,0.731667,2.78767,2.00733,23.902,9.49514,17.0,23.5,30.0,34.0,40.5125,47.5,5800,3.969724137931035,0.03,SF/PF,SF/PF,,,False,False,fd,e69f068c-f0de-462d-b88b-e6dafc1bb1f1,4fe5edea-4701-4fa3-b1d4-4cb03bcda76b,6a3a5022-d727-4db6-b43d-aa0ab8aea5df,3000,51.148,0.00533333,0.0,1733517444000,19.430329999999998,16.866667,4.474997,20.385996999999996,0.927334
2024-12-06,Dyson Daniels,ATL,LAL,31.9231,11.272,4.69833,2.815,2.19067,0.659,1.20933,1.354,3.79533,3.07567,5.14167,1.05867,1.63567,0.956667,3.74167,2.483,27.1751,9.08895,20.75,26.75,33.25,36.5,43.0,49.75,6700,4.249582089552239,0.0386667,SG/PG,SG/PG,,,True,False,fd,e69f068c-f0de-462d-b88b-e6dafc1bb1f1,4fe5edea-4701-4fa3-b1d4-4cb03bcda76b,b9180c6b-7013-4cdd-b592-0a904ab49455,3000,67.3553,0.024,0.0,1733517444000,15.97033,14.087,7.51333,18.785330000000002,2.8496699999999997
2024-12-06,Max Christie,LAL,ATL,22.6681,6.96533,2.82133,1.586,0.702667,0.429667,0.935667,0.979,2.83167,1.45333,2.87667,1.12167,1.374,0.667667,2.15367,2.06267,15.1583,6.79107,10.5,14.75,19.5,22.25,27.0,32.25,3900,3.895205128205128,0.008,SG,SG,,,False,False,fd,e69f068c-f0de-462d-b88b-e6dafc1bb1f1,4fe5edea-4701-4fa3-b1d4-4cb03bcda76b,7d14ae5c-3cd3-4a01-a4ee-0b9d8502abac,3000,47.3557,0.000666667,0.0,1733517444000,9.78666,8.55133,4.40733,11.37266,1.1323340000000002
2024-12-06,Clint Capela,ATL,LAL,26.895,10.8467,10.524,1.018,0.728333,0.922,0.802333,0.128333,0.362333,4.526,7.43333,1.40967,2.34267,2.20567,8.31833,1.684,29.0673,10.4026,21.25,28.25,36.3125,40.5,46.5125,54.75,6400,4.5548593749999995,0.0193333,C,C,,,True,False,fd,e69f068c-f0de-462d-b88b-e6dafc1bb1f1,4fe5edea-4701-4fa3-b1d4-4cb03bcda76b,8c6b4918-17fe-4a98-8e7e-08d4789861d1,3000,56.2063,0.383333,0.0,1733517444000,21.3707,11.864700000000001,11.542,22.3887,1.650333
2024-12-06,Rui Hachimura,LAL,ATL,27.5725,12.722,4.692,0.616,0.862333,0.525667,0.982,1.29433,3.50533,3.5,6.76867,1.839,2.47133,1.04667,3.64533,1.61467,22.4927,9.64765,15.5,21.5,28.3125,33.0,40.0,47.0,5100,4.403607843137255,0.0693333,SF/PF,SF/PF,,,True,False,fd,e69f068c-f0de-462d-b88b-e6dafc1bb1f1,4fe5edea-4701-4fa3-b1d4-4cb03bcda76b,0d36a8a7-3bc8-43dd-b28b-f64cf0b9b9f1,3000,57.5667,0.033,0.0,1733517444000,17.414,13.338,5.308,18.03,1.388
2024-12-06,Dominick Barlow,ATL,LAL,1.68308,0.770667,0.320667,0.174333,0.0303333,0.0293333,0.0766667,0.041,0.124,0.217667,0.422333,0.212333,0.289333,0.0803333,0.240333,0.229333,1.5345,2.89234,0.0,0.0,2.0,4.0,7.75,12.25,3500,0.43408571428571435,0.0,C,C,Q,,False,False,fd,e69f068c-f0de-462d-b88b-e6dafc1bb1f1,4fe5edea-4701-4fa3-b1d4-4cb03bcda76b,79587d1e-6e72-44e9-92fa-97d47d1bd4fc,3000,3.60633,0.0,0.0,1733517444000,1.091334,0.945,0.495,1.265667,0.0596666
2024-12-06,Onyeka Okongwu,ATL,LAL,22.8604,9.63033,6.38033,1.25733,0.691667,0.812333,0.719,0.288,0.812,3.476,5.20467,1.81433,2.352,1.31833,5.062,2.53367,22.4112,8.65312,16.5,22.0,28.0,31.25,37.25,45.0025,5400,4.252907407407407,0.0373333,C/PF,C/PF,,,False,False,fd,e69f068c-f0de-462d-b88b-e6dafc1bb1f1,4fe5edea-4701-4fa3-b1d4-4cb03bcda76b,dbf89143-9c6c-48a1-a182-55b4e8491541,3000,47.9277,0.0846667,0.0,1733517444000,16.01066,10.88766,7.63766,17.26799,1.504
2024-12-06,Maxwell Lewis,LAL,ATL,5.99036,2.25633,0.933667,0.601,0.199333,0.0533333,0.332333,0.226333,0.746333,0.534,1.188,0.509333,0.635,0.238,0.695667,0.431667,4.77725,6.07355,0.0,2.0,8.0,11.5,17.5,24.2525,3500,1.3439714285714284,0.0,SF,SF,,,False,False,fd,e69f068c-f0de-462d-b88b-e6dafc1bb1f1,4fe5edea-4701-4fa3-b1d4-4cb03bcda76b,706d324d-67aa-42c2-a490-1f71c97f0d32,3000,12.605,0.0,0.0,1733517444000,3.189997,2.85733,1.534667,3.790997,0.2526663
2024-12-06,Kobe Bufkin,ATL,LAL,12.4089,4.867,1.228,1.56333,0.385333,0.179667,0.641333,0.637667,1.909,1.161,2.23933,0.632,0.813,0.266667,0.961333,1.05433,9.87517,7.93204,3.25,8.875,15.0,18.5,24.75,30.75,3800,2.562965789473684,0.0,PG,PG,,,False,False,fd,e69f068c-f0de-462d-b88b-e6dafc1bb1f1,4fe5edea-4701-4fa3-b1d4-4cb03bcda76b,06d57d39-09a1-459e-93e4-96406eee7ba2,3000,25.9487,0.0,0.0,1733517444000,6.095,6.43033,2.7913300000000003,7.658329999999999,0.565
2024-12-06,Jalen Johnson,ATL,LAL,35.3047,19.0823,9.05867,5.16867,1.41,0.817667,2.393,1.71533,4.51167,5.76133,9.19067,2.41367,3.40133,1.85167,7.207,3.52767,42.9982,11.2062,35.5,43.0,50.5,54.75,61.5,68.7525,9100,4.614912087912088,0.136,PF/SF,PF/SF,,,True,False,fd,e69f068c-f0de-462d-b88b-e6dafc1bb1f1,4fe5edea-4701-4fa3-b1d4-4cb03bcda76b,44f7e57d-b8d0-4fe9-86c1-daa00c97addd,3000,74.3287,0.442667,0.0196667,1733517444000,28.14097,24.25097,14.227339999999998,33.30964,2.227667
2024-12-06,Armel Traore,LAL,ATL,12.6406,3.276,2.39,1.337,0.427667,0.211667,0.636,0.268667,0.960667,0.914,1.80267,0.642,0.883667,0.594,1.796,1.546,9.3655,7.22424,3.25,8.75,14.25,17.25,22.5,28.25,3600,2.619861111111111,0.0,SF,SF,,,False,False,fd,e69f068c-f0de-462d-b88b-e6dafc1bb1f1,4fe5edea-4701-4fa3-b1d4-4cb03bcda76b,9d7408de-a80b-4553-826e-9e2da0076ae0,3000,26.498,0.001,0.0,1733517444000,5.666,4.6129999999999995,3.7270000000000003,7.003,0.6393340000000001
2024-12-06,Zaccharie Risacher,ATL,LAL,26.6224,10.923,3.03067,1.89867,0.800667,0.455,0.959333,1.464,4.101,2.558,4.56733,1.415,1.98867,0.631333,2.39933,3.08267,20.326,8.66339,13.75,19.75,26.0,29.5,35.5,43.0,4900,4.125612244897959,0.00933333,SF,SF,,,True,False,fd,e69f068c-f0de-462d-b88b-e6dafc1bb1f1,4fe5edea-4701-4fa3-b1d4-4cb03bcda76b,65fcaf47-0773-4c36-a4c7-c73bd026b232,3000,55.5577,0.002,0.0,1733517444000,13.95367,12.821670000000001,4.92934,15.852340000000002,1.255667
2024-12-06,Cam Reddish,LAL,ATL,13.1524,3.00367,1.75067,0.983667,0.635667,0.163,0.37,0.347667,1.196,0.598667,1.449,0.763333,0.914667,0.417667,1.333,0.836,8.25367,6.39242,3.0,7.75,12.3125,15.25,19.7625,24.7525,3700,2.3259378378378375,0.0,SG/SF,SG/SF,,,False,False,fd,e69f068c-f0de-462d-b88b-e6dafc1bb1f1,4fe5edea-4701-4fa3-b1d4-4cb03bcda76b,1e45cc76-bd87-4c51-aad2-e8e5b55a7fc8,3000,27.3733,0.0,0.0,1733517444000,4.75434,3.987337,2.734337,5.738007,0.798667
2024-12-06,Bogdan Bogdanovic,ATL,LAL,22.0082,13.3487,3.06967,2.32533,0.906,0.373333,1.24867,2.48067,6.341,2.074,3.839,1.75867,2.02067,0.654667,2.415,1.49533,23.8544,10.1634,16.75,23.25,30.5,34.75,41.25,48.5,5300,4.360301886792453,0.0606667,SG/SF,SG/SF,,,False,False,fd,e69f068c-f0de-462d-b88b-e6dafc1bb1f1,4fe5edea-4701-4fa3-b1d4-4cb03bcda76b,0355aef3-b83a-4834-8565-6e8d7d417935,3000,46.519,0.004,0.0,1733517444000,16.41837,15.674029999999998,5.395,18.7437,1.279333
2024-12-06,D'Angelo Russell,LAL,ATL,29.2064,15.6327,2.71,5.904,1.19667,0.324,2.226,2.46233,6.68067,3.06533,6.044,2.115,2.581,0.616667,2.09333,2.153,31.1702,11.3317,23.0,30.25,38.5625,43.0,51.0,60.7525,6300,4.7740793650793645,0.074,PG,PG,,,True,False,fd,e69f068c-f0de-462d-b88b-e6dafc1bb1f1,4fe5edea-4701-4fa3-b1d4-4cb03bcda76b,9cff2f2a-2804-41ae-9766-4d2206ef893e,3000,60.9757,0.089,0.000333333,1733517444000,18.3427,21.5367,8.614,24.2467,1.52067
2024-12-06,David Roddy,ATL,LAL,1.61632,0.831,0.208,0.147333,0.0466667,0.0123333,0.134667,0.120333,0.372667,0.145,0.281333,0.18,0.255667,0.0466667,0.161333,0.147,1.42283,2.87074,0.0,0.0,2.0,3.5,7.75,13.5025,3500,0.38398000000000004,0.0,SF/PF,SF/PF,,,False,False,fd,e69f068c-f0de-462d-b88b-e6dafc1bb1f1,4fe5edea-4701-4fa3-b1d4-4cb03bcda76b,344bfa9b-2398-4cff-aa75-1e000d09244c,3000,3.459,0.0,0.0,1733517444000,1.039,0.9783329999999999,0.355333,1.1863329999999999,0.059
2024-12-06,Anthony Davis,LAL,ATL,35.0593,26.4287,12.2863,3.76533,1.178,1.68467,2.343,0.586333,1.89933,9.60433,16.9357,5.461,6.984,2.76967,9.51667,2.70133,53.4176,13.4832,44.1875,53.5,62.75,67.25,76.0,83.5025,10600,5.006160377358491,0.25,C/PF,C/PF,P,,False,False,fd,e69f068c-f0de-462d-b88b-e6dafc1bb1f1,4fe5edea-4701-4fa3-b1d4-4cb03bcda76b,b099c4b3-0822-4e3e-86a8-7eab785132fc,3000,73.3147,0.746667,0.00533333,1733517444000,38.715,30.194029999999998,16.05163,42.48033,2.8626699999999996
2024-12-06,LeBron James,LAL,ATL,33.0347,21.6067,8.416,7.931,1.40967,0.560667,3.55267,1.74867,4.95133,6.164,11.1217,4.03267,5.293,1.832,6.584,2.73933,48.1933,14.0051,38.25,47.75,57.5625,63.0,72.0,81.5025,9400,4.889436170212766,0.229333,PF/SF,PF/SF,Q,,True,False,fd,e69f068c-f0de-462d-b88b-e6dafc1bb1f1,4fe5edea-4701-4fa3-b1d4-4cb03bcda76b,517e992c-2a4e-4533-ae01-39f8806bc36d,3000,69.14,0.499,0.127667,1733517444000,30.0227,29.5377,16.347,37.9537,1.970337
2024-12-06,Dalton Knecht,LAL,ATL,27.8732,13.153,4.43767,1.45,0.879667,0.255333,1.04433,2.491,6.845,1.94533,3.29333,1.78933,2.15633,1.02333,3.41433,3.06533,23.9034,10.0732,16.5,23.25,30.25,34.25,42.0,51.505,5100,4.512529411764706,0.0966667,SF/SG,SF/SG,,,True,False,fd,e69f068c-f0de-462d-b88b-e6dafc1bb1f1,4fe5edea-4701-4fa3-b1d4-4cb03bcda76b,3d4cbdfb-cfdf-4b2e-a0cb-6372c9b30455,3000,58.278,0.0233333,0.0,1733517444000,17.59067,14.603,5.88767,19.04067,1.135
2024-12-06,Christian Koloko,LAL,ATL,11.7853,2.93467,2.292,0.650667,0.375333,0.532667,0.304333,0.0886667,0.305333,1.03467,2.012,0.599333,0.891333,0.575667,1.71633,1.35333,8.48433,6.75717,2.75,7.75,13.0,15.5375,20.75,26.25,3600,2.5224250000000006,0.0,C,C,,,False,False,fd,e69f068c-f0de-462d-b88b-e6dafc1bb1f1,4fe5edea-4701-4fa3-b1d4-4cb03bcda76b,6617da4f-7af5-4b2c-a94d-1113b8a99129,3000,24.6037,0.000333333,0.0,1733517444000,5.22667,3.585337,2.9426669999999997,5.877337000000001,0.908
2024-12-06,Trae Young,ATL,LAL,35.3141,21.0367,3.03267,11.1957,0.844,0.195333,3.678,2.451,7.14467,4.71733,9.67733,4.249,4.892,0.63,2.40267,2.19133,44.0762,10.9237,37.0,44.0,51.25,55.0,62.25,70.5,9300,4.398860215053763,0.0673333,PG,PG,P,,False,False,fd,e69f068c-f0de-462d-b88b-e6dafc1bb1f1,4fe5edea-4701-4fa3-b1d4-4cb03bcda76b,8cf91449-ebde-4a93-a16a-f223c645c340,3000,74.1267,0.656,0.002,1733517444000,24.06937,32.2324,14.22837,35.26507,1.039333
2024-12-06,Gabe Vincent,LAL,ATL,21.9752,5.359,2.083,1.905,0.869,0.077,0.803333,0.891667,3.076,0.894,2.10533,0.896,1.05933,0.506,1.577,1.42533,12.7564,6.45448,8.25,12.25,16.75,19.25,24.25,30.75,3900,3.2694358974358972,0.0,PG/SG,PG/SG,,,False,False,fd,e69f068c-f0de-462d-b88b-e6dafc1bb1f1,4fe5edea-4701-4fa3-b1d4-4cb03bcda76b,68d457a3-d295-44f6-ab12-b9683e1a112e,3000,45.8643,0.0,0.0,1733517444000,7.442,7.264,3.9880000000000004,9.347,0.946
2024-12-06,Ryan Rollins,MIL,BOS,3.11663,1.39433,0.524,0.324333,0.0836667,0.035,0.233333,0.152,0.379,0.298,0.622,0.342333,0.426,0.131667,0.392333,0.293,2.7325,4.55842,0.0,0.0,3.75,6.75,12.5,20.0,3500,0.7520857142857142,0.0,SG,SG,,,False,False,fd,e69f068c-f0de-462d-b88b-e6dafc1bb1f1,90388fa7-69e0-48f3-8916-46c38c2ad901,b048eaac-8e1a-4f67-aed4-93da912e4674,3000,6.10167,0.0,0.0,1733517444000,1.91833,1.718663,0.848333,2.2426630000000003,0.1186667
2024-12-06,Andre Jackson,MIL,BOS,23.0586,3.37833,2.63633,2.203,0.595,0.235333,0.722333,0.495,1.39733,0.840667,1.627,0.212,0.309333,0.474,2.16233,1.788,11.5258,5.64348,7.5,11.0,15.0,17.5,21.75,26.75,3700,3.1392162162162163,0.0,SG,SG,,,False,False,fd,e69f068c-f0de-462d-b88b-e6dafc1bb1f1,90388fa7-69e0-48f3-8916-46c38c2ad901,dec97591-b6b2-4369-afa4-689a372ae5b5,3000,44.0953,0.000333333,0.0,1733517444000,6.01466,5.5813299999999995,4.83933,8.21766,0.830333
2024-12-06,Giannis Antetokounmpo,MIL,BOS,35.4129,30.1147,10.8713,5.39833,0.748667,0.722667,3.27933,0.359333,0.994,11.5273,17.4327,5.982,8.95067,2.04233,8.829,2.71867,54.387,12.9144,45.75,54.25,63.0,67.5,75.75,84.75,12100,4.32995041322314,0.0666667,PF,PF,P,,False,False,fd,e69f068c-f0de-462d-b88b-e6dafc1bb1f1,90388fa7-69e0-48f3-8916-46c38c2ad901,8dba84ed-bbd4-4344-bc10-bf48eafc97df,3000,68.5233,0.652,0.0416667,1733517444000,40.986,35.51303,16.26963,46.38433,1.471334
2024-12-06,Taurean Prince,MIL,BOS,25.9158,8.59267,3.94,1.19533,0.879333,0.275,1.00633,1.68667,4.325,1.35033,2.54,0.832,1.051,0.712,3.228,2.39267,17.9705,7.82573,12.25,17.25,22.75,26.25,32.25,39.75,4500,3.904511111111111,0.018,SF,SF,Q,,True,False,fd,e69f068c-f0de-462d-b88b-e6dafc1bb1f1,90388fa7-69e0-48f3-8916-46c38c2ad901,c40e22c5-b483-4228-90f5-456e2ce22f76,3000,50.1747,0.00733333,0.0,1733517444000,12.53267,9.788,5.13533,13.728,1.154333
2024-12-06,Jaylen Brown,BOS,MIL,36.2975,24.114,5.60467,3.68433,1.281,0.359667,2.30667,2.32133,5.993,6.93,11.2193,3.29,4.49333,1.191,4.41367,2.514,40.0345,10.103,32.75,39.75,46.5,50.5,57.2625,64.25,8800,4.429704545454546,0.0893333,SF/SG,SF/SG,,,True,False,fd,e69f068c-f0de-462d-b88b-e6dafc1bb1f1,90388fa7-69e0-48f3-8916-46c38c2ad901,060b535a-0d36-4b87-8996-d2763d0128b1,3000,70.5197,0.065,0.000666667,1733517444000,29.71867,27.79833,9.289,33.403,1.6406669999999999
2024-12-06,Sam Hauser,BOS,MIL,19.7678,6.22033,3.23133,1.12533,0.681667,0.223667,0.358667,1.66433,4.17167,0.462,0.725,0.303333,0.362333,0.739,2.49233,1.453,14.415,7.47656,9.0,14.25,19.25,22.2875,27.0,34.25,4800,2.946520833333333,0.0,SF/PF,SF/PF,,,False,False,fd,e69f068c-f0de-462d-b88b-e6dafc1bb1f1,90388fa7-69e0-48f3-8916-46c38c2ad901,e0b74293-afe9-4eb1-8d6a-d3aabcd0effc,3000,37.8107,0.00266667,0.0,1733517444000,9.45166,7.34566,4.35666,10.57699,0.9053340000000001
2024-12-06,Xavier Tillman,BOS,MIL,3.62003,1.74133,0.851,0.339,0.09,0.073,0.153,0.112333,0.301333,0.577667,0.927667,0.249,0.425333,0.206333,0.644667,0.350667,3.61925,5.38587,0.0,1.25,5.5,8.75,15.0125,23.25,3600,1.0019527777777777,0.0,C,C,,,False,False,fd,e69f068c-f0de-462d-b88b-e6dafc1bb1f1,90388fa7-69e0-48f3-8916-46c38c2ad901,4e055a72-8a21-4376-a9c0-fb56843c6659,3000,7.046,0.0,0.0,1733517444000,2.59233,2.08033,1.19,2.93133,0.16299999999999998
2024-12-06,Delon Wright,MIL,BOS,5.06006,1.53833,0.742,0.722333,0.212,0.051,0.152,0.197333,0.521667,0.351,0.677333,0.244333,0.293,0.184,0.558,0.367667,4.098,5.47069,0.0,1.875,6.5,9.75,15.5125,22.7525,3700,1.1214135135135137,0.0,PG,PG,,,False,False,fd,e69f068c-f0de-462d-b88b-e6dafc1bb1f1,90388fa7-69e0-48f3-8916-46c38c2ad901,f7f2788d-55e4-4594-b548-99bfba1377d4,3000,9.75867,0.0,0.0,1733517444000,2.28033,2.260663,1.4643329999999999,3.002663,0.263
2024-12-06,Luke Kornet,BOS,MIL,14.3313,3.51167,3.44433,1.18067,0.370667,0.750333,0.296333,0.0726667,0.204667,1.356,2.09,0.581667,0.680333,0.763,2.68133,0.981667,11.7257,7.98777,5.5,11.25,17.0,20.0375,26.0,32.25,5500,2.2695454545454545,0.0,C,C,,,False,False,fd,e69f068c-f0de-462d-b88b-e6dafc1bb1f1,90388fa7-69e0-48f3-8916-46c38c2ad901,76283a39-d404-492c-9494-ad60616d1608,3000,27.4247,0.005,0.0,1733517444000,6.9559999999999995,4.69234,4.625,8.136669999999999,1.121
2024-12-06,Payton Pritchard,BOS,MIL,25.5876,13.291,3.13233,2.897,0.880333,0.145667,0.979333,2.73067,6.55167,2.08667,3.454,0.925667,1.10933,0.695667,2.43667,1.84733,24.4821,9.16655,18.0,24.0,30.5,34.0,40.5,46.5025,7000,3.3562857142857143,0.00266667,PG,PG,,,False,False,fd,e69f068c-f0de-462d-b88b-e6dafc1bb1f1,90388fa7-69e0-48f3-8916-46c38c2ad901,b614ea71-e189-4582-ae7a-497978b28446,3000,48.9903,0.00166667,0.0,1733517444000,16.42333,16.188,6.02933,19.32033,1.026
2024-12-06,AJ Green,MIL,BOS,16.5578,6.14333,1.70967,1.00567,0.349,0.0723333,0.522,1.672,4.14667,0.387333,0.721333,0.352667,0.415333,0.384,1.32567,1.417,11.2071,7.27014,5.75,10.5,16.0,18.75,24.25,30.25,4000,2.61135,0.0,SG,SG,,,False,False,fd,e69f068c-f0de-462d-b88b-e6dafc1bb1f1,90388fa7-69e0-48f3-8916-46c38c2ad901,a67da4c7-27f5-4e10-b2d5-a9491ff4df18,3000,31.8173,0.000333333,0.0,1733517444000,7.853,7.149,2.7153400000000003,8.85867,0.42133329999999997
2024-12-06,Brook Lopez,MIL,BOS,32.6781,9.46533,5.16367,1.336,0.788667,1.43533,0.827333,1.276,3.52967,2.28833,3.79833,1.06067,1.34567,1.00767,4.156,2.17,22.6357,8.10664,16.75,22.25,27.75,31.0,36.75,43.0025,6200,3.7920000000000003,0.00466667,C,C,,,True,False,fd,e69f068c-f0de-462d-b88b-e6dafc1bb1f1,90388fa7-69e0-48f3-8916-46c38c2ad901,89b49c0b-6625-4525-a06e-65bfbe25d037,3000,63.037,0.0263333,0.0,1733517444000,14.629,10.80133,6.49967,15.965,2.223997
2024-12-06,Neemias Queta,BOS,MIL,5.42505,2.035,1.591,0.402,0.0833333,0.222333,0.158,0.044,0.130333,0.757667,1.25667,0.387667,0.523,0.363,1.228,0.4,5.18558,6.56538,0.0,2.5,8.5,12.25,19.0,26.2525,3900,1.3605641025641024,0.0,C,C,,,False,False,fd,e69f068c-f0de-462d-b88b-e6dafc1bb1f1,90388fa7-69e0-48f3-8916-46c38c2ad901,4bac73d7-95a2-4284-a135-3d3f2d4dbac2,3000,10.397,0.003,0.0,1733517444000,3.6260000000000003,2.4370000000000003,1.9929999999999999,4.0280000000000005,0.3056663
2024-12-06,Derrick White,BOS,MIL,34.614,17.7663,4.37567,4.23333,0.926667,0.699333,1.32833,3.10133,7.658,2.99433,5.20067,2.47367,2.83267,0.933,3.44267,3.10767,33.7589,9.81146,27.25,33.5,40.25,43.75,50.5,58.0,7300,4.509150684931507,0.0873333,SG/PG,SG/PG,,,True,False,fd,e69f068c-f0de-462d-b88b-e6dafc1bb1f1,90388fa7-69e0-48f3-8916-46c38c2ad901,677a0253-6232-45d2-ba19-8a6a8209e23c,3000,67.3603,0.0223333,0.000333333,1733517444000,22.14197,21.99963,8.609,26.3753,1.626
2024-12-06,Khris Middleton,MIL,BOS,23.1462,8.50633,2.75,2.87933,0.58,0.169,1.14767,0.888333,2.61967,2.26067,4.50767,1.32,1.51633,0.615333,2.13467,1.46933,17.6347,7.62218,12.25,17.0,22.5,25.75,31.25,37.0,5500,3.131763636363636,0.00266667,SG/SF,SG/SF,P,,False,False,fd,e69f068c-f0de-462d-b88b-e6dafc1bb1f1,90388fa7-69e0-48f3-8916-46c38c2ad901,664662f1-e9bb-4333-8f9f-3f376e28c9da,3000,44.9797,0.00233333,0.0,1733517444000,11.25633,11.38566,5.6293299999999995,14.13566,0.749
2024-12-06,Al Horford,BOS,MIL,29.7833,8.75933,5.42567,2.38567,0.853,0.788333,0.725667,1.72667,4.24167,1.467,2.397,0.645333,0.796333,1.15133,4.27433,2.18467,22.9651,8.69597,16.75,22.25,28.25,32.0,38.5,46.0025,5100,4.519019607843137,0.0266667,C,C,,,True,False,fd,e69f068c-f0de-462d-b88b-e6dafc1bb1f1,90388fa7-69e0-48f3-8916-46c38c2ad901,970408f1-da88-4c98-9c98-cc8038b4ac55,3000,58.243,0.0413333,0.0,1733517444000,14.185,11.145,7.81134,16.57067,1.641333
2024-12-06,Damian Lillard,MIL,BOS,35.8398,23.9067,4.134,6.78467,0.872333,0.206333,2.722,3.47833,9.152,4.63867,8.30433,4.19433,4.64167,0.808333,3.32567,2.60433,42.0577,11.624,33.75,41.75,49.75,54.0375,62.0,70.0,9000,4.395388888888889,0.0406667,PG,PG,,,True,False,fd,e69f068c-f0de-462d-b88b-e6dafc1bb1f1,90388fa7-69e0-48f3-8916-46c38c2ad901,5b6d7734-a62d-44d2-aed4-f3b178267543,3000,69.1283,0.172,0.00433333,1733517444000,28.0407,30.69137,10.91867,34.82537,1.0786660000000001
2024-12-06,Jrue Holiday,BOS,MIL,32.0107,11.5753,4.151,4.13467,1.02967,0.388667,1.243,1.50067,3.877,2.95867,5.43367,1.156,1.41833,0.894,3.257,1.96967,25.9586,8.54755,20.0,25.75,31.5,35.0,40.75,48.0,5400,4.7723148148148145,0.118,PG/SG,PG/SG,,,True,False,fd,e69f068c-f0de-462d-b88b-e6dafc1bb1f1,90388fa7-69e0-48f3-8916-46c38c2ad901,301b3e12-dba3-4fa2-8e93-fc44a0142b77,3000,62.4053,0.018,0.0,1733517444000,15.7263,15.70997,8.28567,19.860970000000002,1.4183370000000002
2024-12-06,Gary Trent,MIL,BOS,20.4573,7.789,1.513,1.19533,0.776667,0.0703333,0.599333,1.34333,3.65533,1.431,3.097,0.897,1.07467,0.343667,1.16933,1.282,13.5393,7.06401,8.5,13.0,18.0,21.0,25.75,32.0025,4100,3.2534878048780485,0.0,SG,SG,,,False,False,fd,e69f068c-f0de-462d-b88b-e6dafc1bb1f1,90388fa7-69e0-48f3-8916-46c38c2ad901,9ecf56f3-a681-4f5d-b47e-001a0ec32e3e,3000,39.1017,0.0,0.0,1733517444000,9.302,8.98433,2.70833,10.49733,0.8470003
2024-12-06,Drew Peterson,BOS,MIL,3.67792,1.40967,0.525,0.371,0.0643333,0.03,0.146667,0.210667,0.497333,0.280667,0.458,0.216333,0.271,0.119,0.406,0.375667,2.84308,4.28632,0.0,0.75,4.5,7.0,12.0,18.255,3600,0.7590277777777777,0.0,PF,PF,,,False,False,fd,e69f068c-f0de-462d-b88b-e6dafc1bb1f1,90388fa7-69e0-48f3-8916-46c38c2ad901,fb47223b-9a64-4aa0-8096-6fcc22a48fe2,3000,7.134,0.0,0.0,1733517444000,1.9346700000000001,1.78067,0.896,2.30567,0.0943333
2024-12-06,Jayson Tatum,BOS,MIL,35.9275,27.0557,7.90633,4.58067,1.514,0.496333,2.43167,3.186,8.03567,6.434,10.8207,4.62967,5.55467,1.66133,6.245,2.966,48.6694,12.1054,40.75,48.5,56.5,61.25,69.0,77.25,10400,4.520538461538462,0.180667,PF/SF,PF/SF,,,True,False,fd,e69f068c-f0de-462d-b88b-e6dafc1bb1f1,90388fa7-69e0-48f3-8916-46c38c2ad901,c8fa625d-aac5-4aa8-81a7-21f4d31cd4d4,3000,69.8573,0.289333,0.00933333,1733517444000,34.96203,31.63637,12.486999999999998,39.542699999999996,2.010333
2024-12-06,Bobby Portis,MIL,BOS,19.7994,9.37233,6.03767,1.04833,0.594,0.305333,0.814333,0.818,2.09567,3.03267,5.25633,0.853,1.115,1.31633,4.72133,1.452,20.4104,9.18546,14.0,20.0,26.5,30.0,36.0,43.5025,5800,3.460982758620689,0.00266667,PF/C,PF/C,,,False,False,fd,e69f068c-f0de-462d-b88b-e6dafc1bb1f1,90388fa7-69e0-48f3-8916-46c38c2ad901,5c73f932-f738-4cc9-9e45-fe93ace1100d,3000,37.9623,0.0786667,0.0,1733517444000,15.41,10.42066,7.086,16.45833,0.8993329999999999
2024-12-06,Moses Moody,GS,MIN,19.3353,9.00433,2.15967,1.09167,0.449667,0.370667,0.879667,1.464,3.79,1.586,2.88767,1.44033,1.85867,0.486667,1.673,1.65033,15.2762,7.99,9.5,14.75,20.5,23.75,28.75,35.7525,3900,3.7986666666666666,0.0106667,SG,SG,,,False,False,fd,e69f068c-f0de-462d-b88b-e6dafc1bb1f1,9b31b15a-a6e5-4baf-bd28-fb1ee128672f,479afddd-8fe3-42bc-ba3d-2151916d1131,3000,38.0307,0.00133333,0.0,1733517444000,11.164,10.096,3.25134,12.25567,0.820334
2024-12-06,Stephen Curry,GS,MIN,31.5396,22.6057,4.77067,5.859,0.961,0.349,2.98867,4.22133,11.0033,3.428,6.551,3.08567,3.43467,1.153,3.61767,2.79033,40.7973,12.1538,32.5,40.375,48.8125,53.25,61.5,70.0,8600,4.425616279069767,0.0666667,PG,PG,P,,False,False,fd,e69f068c-f0de-462d-b88b-e6dafc1bb1f1,9b31b15a-a6e5-4baf-bd28-fb1ee128672f,1cd77125-3f82-4227-b809-20e02a1a5ef4,3000,61.957,0.124333,0.00566667,1733517444000,27.376369999999998,28.4647,10.62967,33.235369999999996,1.31
2024-12-06,Trayce Jackson-Davis,GS,MIN,14.3094,6.017,3.902,1.37467,0.295,0.663,0.582667,0.064,0.161,2.429,3.675,0.967,1.59533,0.900333,3.00167,1.51467,14.6407,9.32699,7.75,14.25,21.0,24.5,30.5,38.75,4600,3.2723260869565216,0.0,C/PF,C/PF,,,False,False,fd,e69f068c-f0de-462d-b88b-e6dafc1bb1f1,9b31b15a-a6e5-4baf-bd28-fb1ee128672f,fe7df3ba-fd9b-4b14-bb88-16255306de93,3000,28.253,0.0183333,0.0,1733517444000,9.919,7.39167,5.27667,11.29367,0.958
2024-12-06,Jonathan Kuminga,GS,MIN,23.3605,11.6547,3.66367,2.00233,0.872,0.421,1.19667,0.775667,2.27433,3.50033,6.39167,2.327,3.26133,0.837,2.82667,2.03567,21.6227,7.58159,16.25,21.0,26.25,29.25,34.7625,42.0,5900,3.6842203389830503,0.014,PF/SF,PF/SF,,,False,False,fd,e69f068c-f0de-462d-b88b-e6dafc1bb1f1,9b31b15a-a6e5-4baf-bd28-fb1ee128672f,30bd23d9-3d5d-4154-8e8a-50a8246ed431,3000,45.9667,0.00633333,0.0,1733517444000,15.31837,13.65703,5.666,17.3207,1.293
2024-12-06,Anthony Edwards,MIN,GS,38.0166,26.198,5.13467,4.001,1.69367,0.528333,2.881,3.26933,8.768,5.79333,11.412,4.80333,6.05533,1.20333,3.93133,2.631,43.3385,11.0655,35.75,43.25,50.5,54.75,62.0,70.0025,8700,4.844379310344827,0.176667,SG/SF,SG/SF,,,True,False,fd,e69f068c-f0de-462d-b88b-e6dafc1bb1f1,9b31b15a-a6e5-4baf-bd28-fb1ee128672f,a835ac46-4915-4891-90b3-57b3816f4d50,3000,74.1433,0.0536667,0.000666667,1733517444000,31.33267,30.199,9.135670000000001,35.33367,2.222003
2024-12-06,Jaden McDaniels,MIN,GS,29.0102,9.79333,3.86,1.53867,0.897667,0.612667,0.922667,1.31167,3.57933,2.29367,4.05333,1.271,1.66867,0.920333,2.93967,2.06833,20.1505,7.60749,14.75,19.5,25.0,28.0,33.75,40.0,4700,4.328021276595745,0.054,SF/PF,SF/PF,,,True,False,fd,e69f068c-f0de-462d-b88b-e6dafc1bb1f1,9b31b15a-a6e5-4baf-bd28-fb1ee128672f,1fa43027-7680-4575-a754-03827a6205c8,3000,56.5583,0.006,0.0,1733517444000,13.653329999999999,11.331999999999999,5.39867,15.191999999999998,1.5103339999999998
2024-12-06,Donte DiVincenzo,MIN,GS,23.819,9.04433,2.84367,2.871,1.13867,0.289667,1.21233,1.99233,5.311,1.01667,2.18667,1.034,1.30733,0.700333,2.14333,2.01633,20.1541,7.67874,14.75,19.75,25.0,28.0,33.75,39.5025,4600,4.312152173913043,0.028,SG/PG,SG/PG,,,False,False,fd,e69f068c-f0de-462d-b88b-e6dafc1bb1f1,9b31b15a-a6e5-4baf-bd28-fb1ee128672f,a41d709e-440b-42d2-a523-3e58acf72910,3000,46.8097,0.00133333,0.0,1733517444000,11.888,11.91533,5.71467,14.759,1.428337
2024-12-06,Josh Minott,MIN,GS,1.35491,0.677333,0.326333,0.119333,0.0316667,0.0296667,0.065,0.0656667,0.168333,0.147333,0.276333,0.185667,0.233,0.085,0.241333,0.124667,1.38725,2.79991,0.0,0.0,1.5,3.5,7.5,12.5,3600,0.3797027777777778,0.0,SF,SF,,,False,False,fd,e69f068c-f0de-462d-b88b-e6dafc1bb1f1,9b31b15a-a6e5-4baf-bd28-fb1ee128672f,63aa0df7-d282-42c7-b55a-fef82d5e1fc6,3000,2.84433,0.0,0.0,1733517444000,1.003666,0.796666,0.445666,1.1229989999999999,0.061333399999999996
2024-12-06,Buddy Hield,GS,MIN,19.4198,10.9207,2.117,2.03967,0.716,0.215,1.02767,2.38567,6.11067,1.41267,2.71567,0.938333,1.11067,0.509,1.608,1.73833,19.1684,9.54677,12.5,18.75,25.25,29.0,35.75,43.25,4300,4.252534883720931,0.042,SG/PG,SG/PG,,,False,False,fd,e69f068c-f0de-462d-b88b-e6dafc1bb1f1,9b31b15a-a6e5-4baf-bd28-fb1ee128672f,645dd563-9e06-4758-aaf2-7b790f0959ad,3000,38.1993,0.000666667,0.0,1733517444000,13.037700000000001,12.960370000000001,4.15667,15.077370000000002,0.9309999999999999
2024-12-06,Kevon Looney,GS,MIN,23.3588,7.21233,9.49133,1.78833,1.01333,0.494667,0.824,0.0793333,0.237,2.96933,4.78333,1.03567,1.65533,2.31533,7.176,2.17567,24.6302,8.61107,18.5,23.5,29.5,33.25,41.25,48.5025,5200,4.804692307692308,0.0333333,C,C,,,True,False,fd,e69f068c-f0de-462d-b88b-e6dafc1bb1f1,9b31b15a-a6e5-4baf-bd28-fb1ee128672f,16208df5-6bc0-4b08-beab-63aa29964942,3000,46.015,0.151667,0.0,1733517444000,16.70366,9.00066,11.27966,18.491989999999998,1.507997
2024-12-06,Gary Payton,GS,MIN,6.16479,1.87167,1.01767,0.510667,0.290667,0.115667,0.225667,0.177,0.502,0.573,0.908333,0.194667,0.289667,0.232333,0.785333,0.46,4.69808,6.12244,0.0,2.0,8.0,11.5,17.5,23.75,3700,1.3114054054054054,0.0,SG/PG,SG/PG,P,,False,False,fd,e69f068c-f0de-462d-b88b-e6dafc1bb1f1,9b31b15a-a6e5-4baf-bd28-fb1ee128672f,2f307008-7da4-483c-82d9-7b44bd4dfaa7,3000,12.233,0.0,0.0,1733517444000,2.88934,2.3823369999999997,1.528337,3.4000069999999996,0.40633400000000003
2024-12-06,Julius Randle,MIN,GS,34.4163,19.2,7.136,4.13067,0.804667,0.215333,2.51467,1.74433,5.17933,4.975,9.64,4.017,5.26733,1.73267,5.40333,2.80267,36.2738,10.3972,28.75,36.0,43.0,47.25,54.25,61.5025,7200,4.792291666666666,0.0973333,PF,PF,,,True,False,fd,e69f068c-f0de-462d-b88b-e6dafc1bb1f1,9b31b15a-a6e5-4baf-bd28-fb1ee128672f,e66e8107-b68e-4c94-9830-a32599de8135,3000,67.1333,0.196,0.003,1733517444000,26.336,23.330669999999998,11.266670000000001,30.46667,1.02
2024-12-06,Brandin Podziemski,GS,MIN,28.9286,8.59767,4.411,3.56733,0.880667,0.343667,1.34433,1.19567,3.437,2.107,4.39667,0.796667,1.188,1.08833,3.32267,2.50333,21.8727,8.38633,15.75,21.25,27.25,30.5,37.0,44.0,5600,3.851875,0.046,SG/SF,SG/SF,,,True,False,fd,e69f068c-f0de-462d-b88b-e6dafc1bb1f1,9b31b15a-a6e5-4baf-bd28-fb1ee128672f,779cb261-f07e-4616-9711-6d0e82408a13,3000,56.7913,0.0233333,0.000333333,1733517444000,13.00867,12.165000000000001,7.97833,16.576,1.224334
2024-12-06,Mike Conley,MIN,GS,28.3417,10.068,2.745,4.93167,1.33,0.247,1.27567,1.94867,5.02767,1.44233,3.17333,1.33733,1.621,0.647667,2.09733,1.73667,24.4233,9.05847,17.75,23.75,30.25,34.0,40.2625,49.0,4900,4.9417959183673466,0.139333,PG,PG,,,True,False,fd,e69f068c-f0de-462d-b88b-e6dafc1bb1f1,9b31b15a-a6e5-4baf-bd28-fb1ee128672f,47999958-1ff1-489a-9216-c4479b085379,3000,55.234,0.024,0.0,1733517444000,12.812999999999999,14.99967,7.6766700000000005,17.74467,1.577
2024-12-06,Naz Reid,MIN,GS,23.664,12.245,5.02233,1.69633,0.792333,0.736333,1.16633,1.58633,4.23067,2.79367,5.00867,1.89867,2.558,1.207,3.81533,2.60333,24.3732,8.35442,18.5,23.75,29.75,33.0,39.0,45.75,5200,4.6607692307692306,0.092,C/PF,C/PF,,,False,False,fd,e69f068c-f0de-462d-b88b-e6dafc1bb1f1,9b31b15a-a6e5-4baf-bd28-fb1ee128672f,dd01fac7-8aba-4618-8dbb-6ad4b7c14992,3000,46.534,0.0256667,0.0,1733517444000,17.26733,13.941329999999999,6.71866,18.96366,1.5286659999999999
2024-12-06,Luka Garza,MIN,GS,1.31113,0.882667,0.381333,0.0856667,0.02,0.0213333,0.0783333,0.084,0.240667,0.190333,0.330667,0.25,0.34,0.105,0.276333,0.167,1.57333,3.08911,0.0,0.0,2.0,4.0,8.0,14.0,3500,0.43269428571428564,0.0,C,C,,,False,False,fd,e69f068c-f0de-462d-b88b-e6dafc1bb1f1,9b31b15a-a6e5-4baf-bd28-fb1ee128672f,eff156f8-e095-408b-bcf0-0cec52cf982f,3000,2.71367,0.0,0.0,1733517444000,1.264,0.9683337,0.46699969999999996,1.3496667,0.0413333
2024-12-06,Kyle Anderson,GS,MIN,14.1383,3.867,2.21333,2.21967,0.799333,0.382667,0.422333,0.258667,0.743333,1.182,2.53833,0.727,1.006,0.509667,1.70367,1.26633,12.2468,8.25267,6.0,12.25,17.75,21.0,26.25,32.75,4200,3.089571428571429,0.00133333,PF/SF,PF/SF,,,False,False,fd,e69f068c-f0de-462d-b88b-e6dafc1bb1f1,9b31b15a-a6e5-4baf-bd28-fb1ee128672f,4bd6de45-7b23-40c8-a4e3-92c2bd146d4c,3000,27.7707,0.001,0.0,1733517444000,6.08033,6.08667,4.433,8.3,1.182
2024-12-06,Draymond Green,GS,MIN,28.6835,8.47133,5.61167,5.339,1.181,0.807,2.163,0.959333,2.808,2.18933,4.35033,1.21467,1.69167,1.33233,4.27933,2.338,26.9826,9.12175,20.5,26.5,32.5,36.25,43.2625,51.0,5900,4.578779661016949,0.084,PF/C,PF/C,P,,False,False,fd,e69f068c-f0de-462d-b88b-e6dafc1bb1f1,9b31b15a-a6e5-4baf-bd28-fb1ee128672f,0c28389e-312a-4d75-a086-edc181f86b42,3000,56.5113,0.0686667,0.00366667,1733517444000,14.083,13.81033,10.95067,19.422,1.988
2024-12-06,Jaylen Clark,MIN,GS,1.59289,0.653333,0.261,0.161,0.0383333,0.0213333,0.0746667,0.077,0.187,0.134333,0.256333,0.153667,0.216,0.073,0.188,0.208,1.34158,2.8104,0.0,0.0,1.5,3.5,7.5,13.5025,3500,0.37496285714285715,0.0,SG,SG,,,False,False,fd,e69f068c-f0de-462d-b88b-e6dafc1bb1f1,9b31b15a-a6e5-4baf-bd28-fb1ee128672f,b7239c41-3261-435c-997f-356dbd0eef77,3000,3.26267,0.0,0.0,1733517444000,0.9143330000000001,0.8143330000000001,0.42200000000000004,1.075333,0.0596666
2024-12-06,Nickeil Alexander-Walker,MIN,GS,21.7367,9.573,2.54067,2.631,0.917333,0.424333,1.258,1.76867,4.69933,1.55033,3.09633,1.16633,1.53367,0.622333,1.91833,2.053,19.636,8.74062,13.5,19.25,25.5,28.75,34.75,41.25,4500,4.296733333333333,0.0386667,SG/SF,SG/SF,,,False,False,fd,e69f068c-f0de-462d-b88b-e6dafc1bb1f1,9b31b15a-a6e5-4baf-bd28-fb1ee128672f,c02296d5-86b0-4968-a3a1-602d17e232c6,3000,42.7387,0.00133333,0.0,1733517444000,12.11367,12.204,5.17167,14.744670000000001,1.341666
2024-12-06,Andrew Wiggins,GS,MIN,31.7873,18.6167,4.92233,1.55967,0.943,0.851,1.54033,2.35967,6.167,4.54833,8.88033,2.441,3.49633,1.16067,3.76167,2.54967,31.1707,10.4335,23.75,31.0,38.0,42.25,49.5,57.2525,6200,4.952354838709677,0.190667,SF/PF,SF/PF,Q,,False,False,fd,e69f068c-f0de-462d-b88b-e6dafc1bb1f1,9b31b15a-a6e5-4baf-bd28-fb1ee128672f,cfa02ba9-f8a0-418e-9c9c-63e4b4a92a5a,3000,62.4503,0.0426667,0.0,1733517444000,23.53903,20.176370000000002,6.481999999999999,25.0987,1.794
2024-12-06,Rudy Gobert,MIN,GS,37.7624,10.3247,13.7417,1.80067,0.813667,1.49433,1.09433,0.0693333,0.234333,3.82,6.59667,2.47667,3.69567,3.23833,10.5033,2.97833,35.0373,9.3518,28.5,34.75,41.25,44.75,50.75,56.2525,6800,5.197838235294118,0.094,C,C,,,True,False,fd,e69f068c-f0de-462d-b88b-e6dafc1bb1f1,9b31b15a-a6e5-4baf-bd28-fb1ee128672f,27802dfd-6099-4fe3-8dad-d8cd4514c99a,3000,73.6563,0.487333,0.0,1733517444000,24.0664,12.12537,15.54237,25.867070000000002,2.307997
2024-12-06,Jerami Grant,POR,UTA,31.6883,15.6647,2.95933,2.78867,1.56433,1.04733,1.39667,1.69267,4.46833,3.68933,7.63667,3.208,3.94433,0.755,2.20433,3.07733,28.9212,9.23861,22.5,28.5,35.0,38.5,44.7625,52.5025,6000,4.9728666666666665,0.155333,PF/SF,PF/SF,,,True,False,fd,e69f068c-f0de-462d-b88b-e6dafc1bb1f1,dea0a014-de41-465f-8d17-e9abf928c11f,2c071c59-1b24-4c17-9782-12ab1fed94e2,3000,63.6877,0.002,0.0,1733517444000,18.62403,18.45337,5.748,21.4127,2.61166
2024-12-06,John Collins,UTA,POR,30.1088,14.885,8.43933,2.07967,1.406,0.802667,1.955,0.938667,2.517,4.88067,7.65667,2.30767,2.90267,1.89567,6.54367,2.712,32.9368,11.2312,24.5,32.25,40.25,45.0,52.0125,61.25,7400,4.432797297297298,0.08,PF/C,PF/C,,,True,False,fd,e69f068c-f0de-462d-b88b-e6dafc1bb1f1,dea0a014-de41-465f-8d17-e9abf928c11f,2a7cdace-1fdb-4ac3-a7a2-519d928cd3a2,3000,60.2553,0.315333,0.000333333,1733517444000,23.32433,16.964669999999998,10.519,25.404,2.208667
2024-12-06,Shaedon Sharpe,POR,UTA,32.3191,17.0847,4.16333,2.573,1.46233,0.354667,1.65633,2.11433,5.28067,4.383,7.51867,1.97567,2.58267,1.09733,3.066,2.62967,30.0323,9.6754,23.0,29.5,36.5,40.25,47.25,54.0,6100,4.874557377049181,0.212667,SF/SG,SF/SG,,,True,False,fd,e69f068c-f0de-462d-b88b-e6dafc1bb1f1,dea0a014-de41-465f-8d17-e9abf928c11f,12fa64c6-3de0-4c61-830f-3d2a5cc543df,3000,65.194,0.014,0.0,1733517444000,21.24803,19.657700000000002,6.736330000000001,23.82103,1.816997
2024-12-06,Deandre Ayton,POR,UTA,31.4679,15.976,11.3123,1.72733,1.07367,0.802667,1.39267,0.105333,0.287,6.98033,11.6277,1.69933,2.25567,2.926,8.38633,2.39733,36.7119,10.707,28.75,36.5,44.0625,48.25,54.5,62.5025,6100,5.963622950819673,0.148667,C,C,,,True,False,fd,e69f068c-f0de-462d-b88b-e6dafc1bb1f1,dea0a014-de41-465f-8d17-e9abf928c11f,2d45c4e6-9491-4a3c-b86f-f77c81d7b1ff,3000,63.5937,0.597,0.0,1733517444000,27.2883,17.70333,13.03963,29.015629999999998,1.876337
2024-12-06,Toumani Camara,POR,UTA,28.1355,9.598,4.89033,1.85833,1.684,0.491333,0.974667,1.24233,3.18833,2.256,4.35667,1.359,1.79667,1.308,3.58233,2.90933,23.0179,8.36609,17.0,22.5,28.25,31.75,37.75,44.0,4800,4.959416666666667,0.164667,SG/SF,SG/SF,,,True,False,fd,e69f068c-f0de-462d-b88b-e6dafc1bb1f1,dea0a014-de41-465f-8d17-e9abf928c11f,f04fca9f-8898-4569-99af-f7ab55f1a7c0,3000,56.6653,0.0233333,0.0,1733517444000,14.488330000000001,11.456330000000001,6.748659999999999,16.34666,2.175333
2024-12-06,Keyonte George,UTA,POR,30.6681,15.9233,2.08833,6.30267,0.977333,0.218333,2.85533,2.43033,7.04833,2.686,5.604,3.26033,3.882,0.479667,1.60867,2.00533,30.3206,10.5893,22.5,29.75,37.0,41.5,48.75,56.755,5600,5.109821428571428,0.268,PG/SG,PG/SG,,,True,False,fd,e69f068c-f0de-462d-b88b-e6dafc1bb1f1,dea0a014-de41-465f-8d17-e9abf928c11f,7556ddf8-d5d5-430e-bfda-c513a0f39f2b,3000,61.055,0.102667,0.0,1733517444000,18.01163,22.22597,8.391,24.3143,1.1956660000000001
2024-12-06,Scoot Henderson,POR,UTA,24.1532,11.6783,2.91167,4.80533,1.147,0.117,2.37133,1.14967,3.22733,3.01967,6.28267,2.19,2.70533,0.739333,2.17233,2.041,24.4811,8.95784,18.5,24.25,30.25,33.5375,39.5125,46.5,5000,4.7602,0.088,PG,PG,Q,,True,False,fd,e69f068c-f0de-462d-b88b-e6dafc1bb1f1,dea0a014-de41-465f-8d17-e9abf928c11f,1704c0b4-b644-414e-8c91-f15f5dca7c31,3000,48.6647,0.0253333,0.0,1733517444000,14.589970000000001,16.483629999999998,7.717,19.3953,1.264
2024-12-06,Brice Sensabaugh,UTA,POR,18.6712,9.01033,2.93333,2.42367,0.890333,0.217333,1.36967,1.37333,3.907,1.616,3.253,1.65833,1.98333,0.716667,2.21667,2.27933,18.5377,9.35581,12.0,18.25,24.5,28.25,34.25,42.0,3900,4.645948717948718,0.0333333,SF,SF,,,False,False,fd,e69f068c-f0de-462d-b88b-e6dafc1bb1f1,dea0a014-de41-465f-8d17-e9abf928c11f,b060cdcd-0ab1-4f4b-8c13-a4b9d915f90e,3000,37.694,0.00533333,0.0,1733517444000,11.94366,11.434,5.357,14.367329999999999,1.107666
2024-12-06,Svi Mykhailiuk,UTA,POR,7.35668,2.74667,0.881667,0.93,0.297667,0.0353333,0.287667,0.517667,1.53233,0.419,0.855333,0.355667,0.470333,0.236,0.645667,0.582,6.02475,6.94099,0.0,3.5,10.0,14.0,19.75,27.0025,3500,1.6888571428571428,0.0,SG,SG,,,False,False,fd,e69f068c-f0de-462d-b88b-e6dafc1bb1f1,dea0a014-de41-465f-8d17-e9abf928c11f,0df2bae5-ba5f-4fcf-be08-5aa4cac890ed,3000,14.9023,0.0,0.0,1733517444000,3.628337,3.67667,1.811667,4.558337,0.3330003
2024-12-06,Micah Potter,UTA,POR,8.54811,2.37467,1.49933,0.926333,0.202667,0.191333,0.285,0.3,0.832667,0.546,1.021,0.382667,0.495333,0.366333,1.133,0.758,6.43383,6.75327,0.0,4.5,10.5,14.0,20.0,25.755,3800,1.7000973684210525,0.0,PF,PF,,,False,False,fd,e69f068c-f0de-462d-b88b-e6dafc1bb1f1,dea0a014-de41-465f-8d17-e9abf928c11f,367cef8f-29f5-4e87-8075-554c4a57525f,3000,17.258,0.0,0.0,1733517444000,3.874,3.301003,2.425663,4.800333,0.394
2024-12-06,Collin Sexton,UTA,POR,30.2068,19.6973,1.98133,4.29933,1.054,0.275333,2.84067,1.63767,4.43067,5.25067,9.57167,4.283,5.12033,0.450667,1.53067,1.58533,30.7052,10.1248,23.5,30.25,37.25,41.5,48.5125,56.75,5700,5.2054912280701755,0.26,SG/PG,SG/PG,,,True,False,fd,e69f068c-f0de-462d-b88b-e6dafc1bb1f1,dea0a014-de41-465f-8d17-e9abf928c11f,1aa13769-3e4a-40d8-9a31-c332756a93f3,3000,60.289,0.0166667,0.0,1733517444000,21.67863,23.99663,6.28066,25.97796,1.329333
2024-12-06,Dalano Banton,POR,UTA,17.1334,8.83867,2.641,1.94467,1.17633,0.457667,1.24567,0.978333,2.74333,2.23,4.20367,1.44367,1.99467,0.656667,1.98433,1.63233,18.1947,10.2394,11.0,18.0,25.25,28.75,35.0,44.2525,4800,3.8710833333333334,0.0113333,SG/PG,SG/PG,,,False,False,fd,e69f068c-f0de-462d-b88b-e6dafc1bb1f1,dea0a014-de41-465f-8d17-e9abf928c11f,2307e0c2-0ccd-4365-a884-c3796ceacba3,3000,34.5453,0.00233333,0.0,1733517444000,11.47967,10.78334,4.58567,13.42434,1.6339970000000001
2024-12-06,Isaiah Collier,UTA,POR,15.3684,3.42633,1.89667,2.13433,0.885667,0.117333,1.081,0.310667,0.918,0.796333,1.673,0.901667,1.08033,0.452667,1.444,1.392,10.6195,7.20883,5.0,10.5,15.25,18.25,23.0,28.5,3700,2.9275135135135133,0.000666667,PG,PG,,,False,False,fd,e69f068c-f0de-462d-b88b-e6dafc1bb1f1,dea0a014-de41-465f-8d17-e9abf928c11f,d4e3865e-07d7-48f1-90d8-7c4d6bdee4e4,3000,31.2283,0.0,0.0,1733517444000,5.323,5.56066,4.031,7.457330000000001,1.003
2024-12-06,Anfernee Simons,POR,UTA,33.6487,19.7683,2.81533,5.074,1.071,0.212,2.22,3.23433,8.041,3.90667,7.446,2.252,2.53133,0.723333,2.092,2.529,34.0297,10.0186,27.25,33.75,40.25,44.25,51.25,60.0025,6600,4.9070757575757575,0.136,SG/PG,SG/PG,,,True,False,fd,e69f068c-f0de-462d-b88b-e6dafc1bb1f1,dea0a014-de41-465f-8d17-e9abf928c11f,b98d578a-45f7-4692-97d0-72f001861708,3000,67.727,0.0386667,0.0,1733517444000,22.58363,24.8423,7.889329999999999,27.657629999999997,1.283
2024-12-06,Oscar Tshiebwe,UTA,POR,0.915156,0.612333,0.170333,0.082,0.0393333,0.00733333,0.0593333,0.038,0.093,0.171667,0.288,0.155,0.203667,0.049,0.121333,0.0866667,1.03092,2.80616,0.0,0.0,0.0,2.0,6.0125,14.0025,3500,0.29154285714285716,0.0,C,C,,,False,False,fd,e69f068c-f0de-462d-b88b-e6dafc1bb1f1,dea0a014-de41-465f-8d17-e9abf928c11f,e7bebca9-b9f5-487a-993b-af3239ba8c19,3000,1.919,0.0,0.0,1733517444000,0.7826660000000001,0.694333,0.25233300000000003,0.864666,0.04666663
2024-12-06,Jabari Walker,POR,UTA,15.1335,3.97267,4.16567,0.610667,0.468,0.132333,0.429333,0.263333,0.806333,1.196,2.24867,0.790667,1.05567,1.047,3.11867,1.44233,11.2284,7.51362,5.5,10.75,16.25,19.25,24.0,31.25,3700,3.043,0.0,PF,PF,,,False,False,fd,e69f068c-f0de-462d-b88b-e6dafc1bb1f1,dea0a014-de41-465f-8d17-e9abf928c11f,745c724d-8153-40f7-bc05-f31b918f8462,3000,30.6133,0.01,0.0,1733517444000,8.13834,4.583337,4.776337000000001,8.749006999999999,0.600333
2024-12-06,Rayan Rupert,POR,UTA,3.84423,1.39533,0.678333,0.267,0.059,0.0243333,0.149667,0.205,0.556333,0.275333,0.531667,0.229667,0.311,0.180667,0.497667,0.268,2.83808,4.48512,0.0,0.0,4.25,7.0,12.75,19.5,3600,0.752825,0.0,SG,SG,,,False,False,fd,e69f068c-f0de-462d-b88b-e6dafc1bb1f1,dea0a014-de41-465f-8d17-e9abf928c11f,f1760cef-05b0-428a-a52d-a4f6167c75d8,3000,7.836,0.0,0.0,1733517444000,2.073663,1.6623299999999999,0.945333,2.3406629999999997,0.0833333
2024-12-06,Johnny Juzang,UTA,POR,21.6381,6.833,1.90667,2.16433,0.724,0.276667,0.708,1.25833,3.68033,1.132,2.09267,0.794,1.04933,0.471,1.43567,1.81067,14.7393,7.03384,9.6875,14.5,19.3125,22.0,26.75,33.0,3900,3.759358974358974,0.00466667,SF,SF,,,False,False,fd,e69f068c-f0de-462d-b88b-e6dafc1bb1f1,dea0a014-de41-465f-8d17-e9abf928c11f,e340f656-0a3c-4613-9775-47717ef1b889,3000,43.639,0.0,0.0,1733517444000,8.73967,8.99733,4.071,10.904,1.000667
2024-12-06,Drew Eubanks,UTA,POR,13.9403,3.81733,3.62033,1.51267,0.325,0.487667,0.554,0.0586667,0.165,1.441,2.59967,0.759333,1.036,0.877,2.74333,0.839667,11.9974,8.05239,5.5,12.0,17.5,20.75,25.75,31.0,3800,3.2407105263157896,0.0,C,C,,,False,False,fd,e69f068c-f0de-462d-b88b-e6dafc1bb1f1,dea0a014-de41-465f-8d17-e9abf928c11f,3bd27153-b357-4cc0-a503-55d2e87d3d70,3000,28.2673,0.00533333,0.0,1733517444000,7.43766,5.33,5.133,8.950330000000001,0.812667
2024-12-06,Lauri Markkanen,UTA,POR,33.3617,21.381,6.844,2.382,1.13533,0.289667,1.91667,2.79667,7.242,4.525,7.97333,3.941,4.518,1.586,5.258,2.42333,37.0495,11.3696,28.75,37.0,44.75,49.0,56.25,63.5025,7500,4.73668,0.113333,PF/SF,PF/SF,,,True,False,fd,e69f068c-f0de-462d-b88b-e6dafc1bb1f1,dea0a014-de41-465f-8d17-e9abf928c11f,3dbcbe71-db2d-42a9-a463-50d115f5d7f8,3000,66.6013,0.167,0.0,1733517444000,28.225,23.763,9.226,30.607000000000003,1.4249969999999998
2024-12-06,Walker Kessler,UTA,POR,30.3166,10.824,9.635,1.724,0.866667,2.253,1.47033,0.116333,0.358333,4.565,6.659,1.345,2.32333,2.11,7.525,2.38433,31.4961,10.449,23.75,31.25,38.75,42.25,49.0,57.7525,6900,4.762420289855073,0.0493333,C,C,,,True,False,fd,e69f068c-f0de-462d-b88b-e6dafc1bb1f1,dea0a014-de41-465f-8d17-e9abf928c11f,3c21a3e0-3c67-475d-9cd3-76e9aa03176a,3000,60.628,0.318667,0.000666667,1733517444000,20.459,12.548,11.359,22.183,3.119667
2024-12-06,Deni Avdija,POR,UTA,23.576,9.90033,5.34933,1.928,1.12567,0.546667,1.539,0.975,2.65867,2.55433,4.33067,1.86667,2.468,1.30433,4.045,2.08,22.6082,8.6167,16.75,22.5,28.0625,31.25,37.25,44.25,5900,3.845677966101695,0.0206667,SF/PF,SF/PF,,,False,False,fd,e69f068c-f0de-462d-b88b-e6dafc1bb1f1,dea0a014-de41-465f-8d17-e9abf928c11f,d79ea472-f4b4-4a01-9371-b83af5dc888e,3000,47.6847,0.0443333,0.0,1733517444000,15.24966,11.828330000000001,7.27733,17.17766,1.672337
2024-12-06,Myles Turner,IND,CHI,32.4838,16.7246,8.5094,1.07287,0.759906,2.01142,1.68637,1.84218,4.70853,4.22297,6.59704,2.75218,3.57891,1.71894,6.79046,2.77367,35.0879,10.5417,27.75,34.75,42.25,46.25,52.75,60.0,7200,4.885111111111112,0.0546667,C,C,,,True,False,fd,e69f068c-f0de-462d-b88b-e6dafc1bb1f1,e19305d3-639b-488c-9852-7fad6a28b7a5,ae36ffcf-39a7-4be6-ac63-5e59000f8df9,2978,67.8583,0.331095,0.0,1733517444000,25.233999999999998,17.797469999999997,9.58227,26.306869999999996,2.771326
2024-12-06,Josh Giddey,CHI,IND,26.3942,13.0923,6.13667,6.12592,0.872398,0.428475,1.87576,1.17596,3.17898,3.97011,7.30154,1.62424,2.1773,1.30222,4.83445,2.17126,32.5051,10.5165,24.75,31.5,39.25,43.75,51.0,59.8075,7100,4.460859154929577,0.0646667,PG/SG,PG/SG,P,,False,False,fd,e69f068c-f0de-462d-b88b-e6dafc1bb1f1,e19305d3-639b-488c-9852-7fad6a28b7a5,373e8b61-e8ca-45b8-a84e-63fa2809ec7a,2978,55.7377,0.176629,0.0120886,1733517444000,19.22897,19.21822,12.26259,25.35489,1.300873
2024-12-06,Andrew Nembhard,IND,CHI,22.7665,8.75957,2.45735,3.818,1.14003,0.0638012,1.02653,1.0591,2.64238,2.4221,4.0413,0.738079,0.935191,0.499664,1.95769,1.78039,19.9923,7.75255,14.5,19.0,24.75,28.0,34.0,41.5575,4400,4.550068181818181,0.0793333,SG/PG,SG/PG,Q,,True,False,fd,e69f068c-f0de-462d-b88b-e6dafc1bb1f1,e19305d3-639b-488c-9852-7fad6a28b7a5,bbd88b81-9804-402d-b652-27528d39fcb6,2978,47.593,0.00671592,0.0,1733517444000,11.21692,12.57757,6.2753499999999995,15.03492,1.2038312000000002
2024-12-06,Moses Brown,IND,CHI,1.61858,1.08563,0.623237,0.0366017,0.0308932,0.0315648,0.117193,0.0292142,0.0748825,0.373069,0.616185,0.251847,0.477837,0.146071,0.477166,0.161182,2.00201,3.87546,0.0,0.0,2.5,5.0,10.25,18.25,3600,0.5440555555555555,0.0,C,C,,,False,False,fd,e69f068c-f0de-462d-b88b-e6dafc1bb1f1,e19305d3-639b-488c-9852-7fad6a28b7a5,60a2e4e5-33c9-4bc4-ad75-a6eef683d10f,2978,3.48791,0.00100739,0.0,1733517444000,1.7088670000000001,1.1222317000000002,0.6598387,1.7454687000000002,0.062458
2024-12-06,T.J. McConnell,IND,CHI,21.16,11.3398,3.19946,5.15077,1.44829,0.259906,1.73774,0.301209,0.755541,4.68771,7.68234,1.06078,1.30725,0.686031,2.51343,2.22901,25.8445,10.1807,19.0,25.5,32.25,36.5,43.5,50.0575,5100,5.155333333333333,0.174,PG,PG,,,False,False,fd,e69f068c-f0de-462d-b88b-e6dafc1bb1f1,e19305d3-639b-488c-9852-7fad6a28b7a5,0456b57a-adc7-4630-a065-3c045e76cd4f,2978,44.3761,0.0527199,0.000671592,1733517444000,14.53926,16.490569999999998,8.35023,19.69003,1.708196
2024-12-06,Tyrese Haliburton,IND,CHI,35.787,20.8711,4.13197,10.2334,1.43653,0.465077,1.96541,3.26595,7.8996,4.29214,6.76326,2.48892,2.96508,0.857623,3.27435,2.80658,46.6898,11.8784,38.5,46.5,54.5,58.6125,66.5,74.75,8500,5.284576470588235,0.314667,PG/SG,PG/SG,,,True,False,fd,e69f068c-f0de-462d-b88b-e6dafc1bb1f1,e19305d3-639b-488c-9852-7fad6a28b7a5,0a8e3926-18ab-4c7c-9ba0-0f4903167fc0,2978,74.7844,0.555406,0.00570853,1733517444000,25.003069999999997,31.104499999999998,14.365369999999999,35.23647,1.901607
2024-12-06,Ayo Dosunmu,CHI,IND,30.6066,14.0987,3.38113,4.27972,0.937878,0.465413,1.42075,1.41572,3.27871,4.19275,6.01847,1.46608,1.87609,0.731699,2.64943,2.54567,27.576,9.74656,20.75,27.0,33.75,37.75,44.75,52.1725,5900,4.638101694915254,0.103333,SG/PG,SG/PG,,,True,False,fd,e69f068c-f0de-462d-b88b-e6dafc1bb1f1,e19305d3-639b-488c-9852-7fad6a28b7a5,1f492821-83bd-4d00-b97c-972a7dad6712,2978,64.4856,0.018133,0.0,1733517444000,17.47983,18.37842,7.66085,21.75955,1.403291
2024-12-06,Nikola Vucevic,CHI,IND,32.8648,20.5638,10.6115,2.79114,0.827065,0.735393,1.70987,1.64976,4.27569,6.72968,10.9681,2.15514,2.6548,2.28811,8.32337,1.90463,41.9846,12.4917,33.3125,41.75,50.75,55.0,62.5,71.5575,8000,5.057725,0.0626667,C,C,,,True,False,fd,e69f068c-f0de-462d-b88b-e6dafc1bb1f1,e19305d3-639b-488c-9852-7fad6a28b7a5,b7f7f2d3-2733-4b62-a95c-97e101663d95,2978,69.3506,0.581934,0.000671592,1733517444000,31.1753,23.35494,13.40264,33.96644,1.562458
2024-12-06,Lonzo Ball,CHI,IND,16.2819,5.51612,2.51981,2.23405,0.924446,0.356615,0.904634,1.18771,2.96205,0.669241,1.36064,0.614506,0.81632,0.587307,1.93251,0.956347,14.7226,8.77985,8.25,14.25,20.5,23.75,29.75,37.0575,4300,3.4487209302325583,0.006,PG,PG,Q,,True,False,fd,e69f068c-f0de-462d-b88b-e6dafc1bb1f1,e19305d3-639b-488c-9852-7fad6a28b7a5,35db0f9f-e46e-4931-b840-de7eacdf4710,2978,34.1548,0.00134318,0.0,1733517444000,8.03593,7.75017,4.7538599999999995,10.26998,1.281061
2024-12-06,Julian Phillips,CHI,IND,7.88317,1.97649,1.02586,0.45769,0.29953,0.131296,0.196105,0.242109,0.686031,0.435191,0.736064,0.379785,0.543989,0.241101,0.784755,0.988919,4.83,5.44918,0.0,3.25,8.0,10.5,15.7875,22.0575,3900,1.279597435897436,0.0,SF,SF,,,False,False,fd,e69f068c-f0de-462d-b88b-e6dafc1bb1f1,e19305d3-639b-488c-9852-7fad6a28b7a5,48fe4a96-f7e7-419d-b2b6-bea950c606c4,2978,16.6397,0.0,0.0,1733517444000,3.00235,2.43418,1.48355,3.46004,0.43082600000000004
2024-12-06,Bennedict Mathurin,IND,CHI,34.123,18.8445,6.12794,1.64909,0.795165,0.466085,1.73203,1.6004,4.19745,4.98187,8.28274,4.07958,4.93452,1.29349,4.83445,2.34419,31.5803,9.91527,24.5,31.25,38.0,41.75,48.25,56.0,6000,5.120566666666667,0.302667,SF/SG,SF/SG,,,True,False,fd,e69f068c-f0de-462d-b88b-e6dafc1bb1f1,e19305d3-639b-488c-9852-7fad6a28b7a5,3f1b1692-cdcf-4169-9143-ffe05a717eb1,2978,71.1484,0.097045,0.0,1733517444000,24.97244,20.49359,7.77703,26.62153,1.26125
2024-12-06,Talen Horton-Tucker,CHI,IND,12.6166,8.76931,1.78643,1.78845,0.185024,0.189725,0.743452,1.01209,2.74345,1.95836,3.77468,1.81632,2.32471,0.428475,1.35796,0.601075,14.5703,10.5331,5.75,14.25,22.0,26.0,32.7875,40.8075,4100,3.40890243902439,0.000666667,SG,SG,,,False,False,fd,e69f068c-f0de-462d-b88b-e6dafc1bb1f1,e19305d3-639b-488c-9852-7fad6a28b7a5,d3a16fd1-2f8a-412e-9637-97b2bf18c159,2978,26.2989,0.00100739,0.0,1733517444000,10.55574,10.557760000000002,3.5748800000000003,12.344190000000001,0.374749
2024-12-06,Jalen Smith,CHI,IND,13.6057,6.98657,4.07623,0.703492,0.337811,0.486904,0.597717,0.711216,2.00672,1.74983,2.88079,1.35326,1.85091,1.01276,3.06347,1.12995,14.8921,10.1612,6.8125,14.75,21.5,25.3625,32.5,40.25,3900,3.797358974358974,0.006,C,C,,,False,False,fd,e69f068c-f0de-462d-b88b-e6dafc1bb1f1,e19305d3-639b-488c-9852-7fad6a28b7a5,c3d5a0e5-27e7-45ee-8ca8-e4bd5ae2bb72,2978,28.4637,0.0325722,0.0,1733517444000,11.0628,7.690062,4.779722,11.766292,0.824715
2024-12-06,Johnny Furphy,IND,CHI,16.8242,6.35158,2.50369,1.27636,0.724647,0.506044,0.800873,0.890531,2.34352,1.38079,2.65883,0.918402,1.17025,0.563801,1.93989,1.62525,13.9045,8.08369,8.25,13.5,19.0,22.3625,28.5375,34.75,3900,3.6312307692307693,0.00266667,SG,SG,,,False,False,fd,e69f068c-f0de-462d-b88b-e6dafc1bb1f1,e19305d3-639b-488c-9852-7fad6a28b7a5,29d86339-2267-4077-8752-7175f1aa4449,2978,35.2337,0.00167898,0.0,1733517444000,8.85527,7.627940000000001,3.78005,10.131630000000001,1.2306910000000002
2024-12-06,Jarace Walker,IND,CHI,17.3096,5.55306,3.33747,1.50168,0.968435,0.379785,0.989255,0.942579,2.38482,1.00705,2.03492,0.711216,0.916387,0.718939,2.61854,1.76763,14.653,8.38358,8.75,14.25,20.25,23.3625,29.25,36.0575,4000,3.7165,0.018,PF/C,PF/C,,,False,False,fd,e69f068c-f0de-462d-b88b-e6dafc1bb1f1,e19305d3-639b-488c-9852-7fad6a28b7a5,c5c16240-ee94-4087-aedd-2f8ef1b741ec,2978,36.4899,0.00167898,0.0,1733517444000,8.89053,7.054740000000001,4.83915,10.39221,1.34822
2024-12-06,Obi Toppin,IND,CHI,19.0321,8.74782,3.37945,1.23103,0.577905,0.382471,0.707186,1.09537,2.91437,2.24244,3.19375,0.97683,1.23136,0.717596,2.66185,1.78811,16.9421,8.74763,10.75,16.5,22.5,26.0,32.0,38.0,4500,3.7385777777777776,0.00466667,PF,PF,,,False,False,fd,e69f068c-f0de-462d-b88b-e6dafc1bb1f1,e19305d3-639b-488c-9852-7fad6a28b7a5,9683a3cc-c016-468c-9b00-08401f99dce0,2978,39.9614,0.00570853,0.0,1733517444000,12.127270000000001,9.978850000000001,4.61048,13.358300000000002,0.960376
2024-12-06,Zach LaVine,CHI,IND,35.3556,22.9244,3.90732,4.02619,0.88415,0.316655,2.43989,2.51142,6.42881,5.4634,9.49496,4.4634,5.28106,0.861652,3.04567,2.29147,36.318,10.3083,29.0,36.0,43.0,47.0,54.0,61.5,7400,4.7047297297297295,0.126667,SF/SG,SF/SG,P,,False,False,fd,e69f068c-f0de-462d-b88b-e6dafc1bb1f1,e19305d3-639b-488c-9852-7fad6a28b7a5,b9e57098-cb37-4b52-89ef-daf9738fb9d1,2978,74.3781,0.0211551,0.000335796,1733517444000,26.831719999999997,26.95059,7.93351,30.857909999999997,1.200805
2024-12-06,Enrique Freeman,IND,CHI,4.19956,1.37777,0.739758,0.36501,0.0470114,0.0584285,0.143385,0.0980524,0.283412,0.405641,0.663533,0.27233,0.336803,0.185359,0.554399,0.421424,3.0382,4.58477,0.0,1.25,4.5,7.25,12.75,19.5,3500,0.8531228571428572,0.0,PF,PF,,,False,False,fd,e69f068c-f0de-462d-b88b-e6dafc1bb1f1,e19305d3-639b-488c-9852-7fad6a28b7a5,ae460ebd-805f-40d8-aea3-5de60847e419,2978,8.87173,0.0,0.0,1733517444000,2.117528,1.74278,1.104768,2.482538,0.1054399
2024-12-06,Matas Buzelis,CHI,IND,14.957,5.73472,2.23606,1.2552,0.47683,0.623909,0.751847,0.759906,2.03324,1.16655,2.29483,1.12189,1.37643,0.511081,1.72498,1.9634,12.6191,8.08896,6.5,12.25,18.0,21.25,26.75,32.75,4200,3.059809523809524,0.0,PF,PF,Q,,True,False,fd,e69f068c-f0de-462d-b88b-e6dafc1bb1f1,e19305d3-639b-488c-9852-7fad6a28b7a5,5c63f197-f8e5-41d2-a04a-2fbed5ea20bc,2978,31.3522,0.000671592,0.0,1733517444000,7.97078,6.989920000000001,3.4912600000000005,9.22598,1.100739
2024-12-06,Coby White,CHI,IND,33.5318,17.9426,3.30893,3.69644,0.918737,0.250504,1.87542,2.79651,6.90833,3.55339,6.26226,2.44627,2.90866,0.722297,2.58664,3.11484,30.4335,9.78729,23.25,29.75,36.75,40.5,47.25,56.0,6300,4.617507936507937,0.152667,SG/PG,SG/PG,Q,,True,False,fd,e69f068c-f0de-462d-b88b-e6dafc1bb1f1,e19305d3-639b-488c-9852-7fad6a28b7a5,65f12676-29ae-4f53-b1ef-e5891993dc88,2978,70.5843,0.00738751,0.0,1733517444000,21.25153,21.639039999999998,7.00537,24.947969999999998,1.169241
2024-12-06,Dalen Terry,CHI,IND,16.9662,4.54802,2.1773,2.25655,0.745803,0.424782,0.756884,0.383143,1.27099,1.35527,2.20316,0.688046,1.08899,0.502686,1.67461,1.45903,12.8093,7.40906,7.5,12.5,17.75,20.3625,25.5,32.5,3600,3.6945833333333336,0.00666667,SF,SF,,,False,False,fd,e69f068c-f0de-462d-b88b-e6dafc1bb1f1,e19305d3-639b-488c-9852-7fad6a28b7a5,e8c94baa-28ca-455b-8325-81c57a52b51a,2978,35.591,0.000335796,0.0,1733517444000,6.72532,6.80457,4.43385,8.98187,1.170585
2024-12-06,Pascal Siakam,IND,CHI,35.7591,25.0705,7.05809,3.18167,1.12089,0.417394,1.59134,1.56716,4.09637,8.11115,14.0376,4.14674,5.6041,1.47347,5.58462,2.78946,42.0026,10.803,34.5,41.75,49.1875,53.0,59.5,69.5,7600,5.438973684210526,0.168667,PF,PF,,,True,False,fd,e69f068c-f0de-462d-b88b-e6dafc1bb1f1,e19305d3-639b-488c-9852-7fad6a28b7a5,4df203cb-d010-4897-8c8c-242f62770557,2978,74.7065,0.181666,0.0,1733517444000,32.12859,28.25217,10.23976,35.31026,1.538284
2024-12-06,Julian Champagnie,SA,SAC,31.0456,13.8127,5.12733,1.38267,1.167,0.721667,1.43933,2.667,7.19433,1.966,3.36533,1.87967,2.28867,1.15567,3.97167,2.931,26.7525,10.0168,19.5,25.75,33.25,37.5,44.5,52.5,5600,4.690375,0.15,SG/SF,SG/SF,,,True,False,fd,e69f068c-f0de-462d-b88b-e6dafc1bb1f1,e26be3dd-caac-4eb5-9236-dcf8b49b3a34,37ca07bf-7755-40ea-a80c-eb7e8122df9d,3000,63.2207,0.0436667,0.0,1733517444000,18.94003,15.19537,6.51,20.3227,1.8886669999999999
2024-12-06,Malaki Branham,SA,SAC,4.39511,2.21567,0.471,0.35,0.0703333,0.024,0.269333,0.261333,0.776667,0.511333,1.008,0.409,0.490333,0.102667,0.368333,0.38,3.51408,5.34936,0.0,0.75,5.5,8.7875,15.25,22.75,3600,0.9220916666666666,0.0,SG,SG,,,False,False,fd,e69f068c-f0de-462d-b88b-e6dafc1bb1f1,e26be3dd-caac-4eb5-9236-dcf8b49b3a34,9f4df789-befa-4413-ab9b-7833d78a4faf,3000,8.928,0.0,0.0,1733517444000,2.68667,2.56567,0.821,3.03667,0.09433330000000001
2024-12-06,Harrison Barnes,SA,SAC,30.4147,11.889,4.114,1.427,0.422667,0.178333,1.01333,1.43033,4.01833,2.49633,4.51067,2.60533,3.182,0.878333,3.23567,2.05967,20.597,7.7405,15.0,20.0,25.5,28.75,34.0,41.0,4400,4.49,0.0646667,SF/PF,SF/PF,,,True,False,fd,e69f068c-f0de-462d-b88b-e6dafc1bb1f1,e26be3dd-caac-4eb5-9236-dcf8b49b3a34,ab4afb95-a283-4d25-8cf7-77b81ce4ae8c,3000,61.508,0.00966667,0.0,1733517444000,16.003,13.315999999999999,5.541,17.43,0.601
2024-12-06,Isaac Jones,SAC,SA,19.4942,9.70267,4.02667,1.49533,0.419,0.575333,0.972333,1.216,3.501,2.33467,4.178,1.38533,1.72133,0.787667,3.239,2.87767,19.112,9.19918,12.75,18.75,25.0,28.25,35.25,41.7525,4000,4.697075,0.044,PF,PF,,,False,False,fd,e69f068c-f0de-462d-b88b-e6dafc1bb1f1,e26be3dd-caac-4eb5-9236-dcf8b49b3a34,5e62a836-ab4d-4f5f-a55a-76f289de43d5,3000,39.4103,0.015,0.0,1733517444000,13.72934,11.198,5.522,15.22467,0.9943329999999999
2024-12-06,Jordan McLaughlin,SAC,SA,2.66093,1.03367,0.352,0.406333,0.0803333,0.0213333,0.138333,0.179,0.465333,0.181667,0.341333,0.133333,0.173667,0.0776667,0.274333,0.280333,2.30683,3.86618,0.0,0.0,3.5,5.75,10.75,16.75,3500,0.63778,0.0,PG,PG,,,False,False,fd,e69f068c-f0de-462d-b88b-e6dafc1bb1f1,e26be3dd-caac-4eb5-9236-dcf8b49b3a34,82b3b055-b4ef-47f5-baf5-dca7e7c89561,3000,5.559,0.0,0.0,1733517444000,1.3856700000000002,1.4400030000000001,0.7583329999999999,1.7920030000000002,0.1016666
2024-12-06,DeMar DeRozan,SAC,SA,35.4969,22.0797,3.90733,4.19533,1.49333,0.497,1.96433,0.683,1.89633,7.54467,13.431,4.94133,5.765,0.739333,3.168,3.11733,36.6228,9.69404,30.0,36.5,43.0,46.75,53.0,59.25,7900,4.692164556962025,0.120667,SF/PF,SF/PF,,,True,False,fd,e69f068c-f0de-462d-b88b-e6dafc1bb1f1,e26be3dd-caac-4eb5-9236-dcf8b49b3a34,7cd3d7f6-096f-4d76-8e56-6d21ae4ebd24,3000,71.7437,0.0166667,0.000333333,1733517444000,25.987029999999997,26.27503,8.10266,30.182359999999996,1.9903300000000002
2024-12-06,Sandro Mamukelashvili,SA,SAC,3.02964,1.64867,0.777,0.228,0.0576667,0.0413333,0.204,0.201333,0.563667,0.357333,0.621667,0.33,0.436667,0.184,0.593,0.135,3.15908,5.5536,0.0,0.0,4.0,7.5,15.5,25.0,3700,0.8151540540540541,0.0,C,C,,,False,False,fd,e69f068c-f0de-462d-b88b-e6dafc1bb1f1,e26be3dd-caac-4eb5-9236-dcf8b49b3a34,e697ac9d-5eb1-4400-93ee-a54294fef0c5,3000,6.16967,0.000333333,0.0,1733517444000,2.42567,1.87667,1.0050000000000001,2.6536700000000004,0.099
2024-12-06,De'Aaron Fox,SAC,SA,36.9091,22.9557,4.50467,5.08067,2.24967,0.225667,2.59333,2.016,5.60233,6.724,11.589,3.45967,4.56667,0.865667,3.639,2.92933,40.9485,10.4039,33.9375,40.75,48.0,51.75,58.5,67.0,9200,4.436402173913043,0.06,PG,PG,,,True,False,fd,e69f068c-f0de-462d-b88b-e6dafc1bb1f1,e26be3dd-caac-4eb5-9236-dcf8b49b3a34,32e97651-f54a-4987-bd0b-cf4977e71c3c,3000,74.6417,0.052,0.000333333,1733517444000,27.46037,28.036369999999998,9.585339999999999,32.54104,2.475337
2024-12-06,Alex Len,SAC,SA,1.88243,0.849667,0.576,0.191,0.0323333,0.0366667,0.128,0.038,0.108667,0.269667,0.494,0.196333,0.289667,0.121,0.455,0.198333,1.94917,3.41967,0.0,0.0,2.75,4.75,9.25,15.0,3500,0.5446771428571429,0.0,C,C,,,False,False,fd,e69f068c-f0de-462d-b88b-e6dafc1bb1f1,e26be3dd-caac-4eb5-9236-dcf8b49b3a34,8870c64d-5cd9-4442-9408-03c7ee48de66,3000,3.953,0.0,0.0,1733517444000,1.4256669999999998,1.040667,0.7669999999999999,1.6166669999999999,0.069
2024-12-06,Blake Wesley,SA,SAC,12.5113,3.79333,1.33667,1.977,0.393333,0.074,0.774,0.276,0.857333,1.065,2.26967,0.835333,1.211,0.287,1.04967,1.249,9.11583,7.09758,3.0,8.75,14.0,16.75,21.5,27.0025,3600,2.4974527777777777,0.0,SG,SG,,,False,False,fd,e69f068c-f0de-462d-b88b-e6dafc1bb1f1,e26be3dd-caac-4eb5-9236-dcf8b49b3a34,ce6db2ca-1398-4d76-8ae2-2f6609ff0ec6,3000,25.5373,0.000333333,0.0,1733517444000,5.13,5.77033,3.31367,7.107,0.467333
2024-12-06,Jeremy Sochan,SA,SAC,30.6682,15.3453,7.274,2.363,1.283,0.525667,1.898,0.881333,2.80333,5.21867,9.36467,2.264,3.09367,1.636,5.638,2.28867,31.4023,10.4096,23.75,30.5,38.75,42.75,48.75,57.255,6300,4.943904761904761,0.0953333,PF,PF,,,True,False,fd,e69f068c-f0de-462d-b88b-e6dafc1bb1f1,e26be3dd-caac-4eb5-9236-dcf8b49b3a34,d250ea84-ba3c-41ef-b98b-80a58c4bcb90,3000,62.6363,0.206667,0.000333333,1733517444000,22.6193,17.7083,9.637,24.9823,1.8086669999999998
2024-12-06,Charles Bassey,SA,SAC,9.55389,3.07633,2.892,0.912333,0.319667,0.563,0.528667,0.0813333,0.244667,1.17067,1.913,0.491,0.725,0.606667,2.28533,0.801,9.609,8.90166,1.25,8.0,15.75,19.5,26.0,33.0,5200,1.929730769230769,0.0,C,C,,,False,False,fd,e69f068c-f0de-462d-b88b-e6dafc1bb1f1,e26be3dd-caac-4eb5-9236-dcf8b49b3a34,f78ab21a-98ad-47d8-a5fa-09f972378676,3000,19.4897,0.005,0.0,1733517444000,5.96833,3.988663,3.8043329999999997,6.880663,0.8826669999999999
2024-12-06,Chris Paul,SA,SAC,30.6556,13.3567,3.73933,8.37033,1.75133,0.276333,2.16567,1.64633,4.63667,3.47667,6.90567,1.46433,1.76167,0.850667,2.88867,2.44767,34.791,11.025,26.75,34.25,42.25,46.75,54.0,61.75,6200,5.5349516129032255,0.173333,PG,PG,,,True,False,fd,e69f068c-f0de-462d-b88b-e6dafc1bb1f1,e26be3dd-caac-4eb5-9236-dcf8b49b3a34,d3e1054c-6ef7-4de6-91e4-786c07ba6fd8,3000,62.4457,0.268,0.00233333,1733517444000,17.09603,21.72703,12.109659999999998,25.466359999999998,2.027663
2024-12-06,Domantas Sabonis,SAC,SA,35.3688,20.1903,13.7267,6.098,0.918,0.466333,2.46533,0.682,1.85367,7.33467,11.2377,3.475,4.73233,2.60033,11.1263,3.00733,49.8917,11.759,41.75,49.75,58.0,62.25,69.25,77.7525,9500,4.999684210526316,0.163333,C/PF,C/PF,,,True,False,fd,e69f068c-f0de-462d-b88b-e6dafc1bb1f1,e26be3dd-caac-4eb5-9236-dcf8b49b3a34,1268d6af-53d3-44dd-af1b-8e8fd6c65a79,3000,71.6913,0.834667,0.089,1733517444000,33.917,26.2883,19.8247,40.015,1.384333
2024-12-06,Zach Collins,SA,SAC,23.8407,11.9003,5.72767,2.94533,0.769,0.825,1.54833,0.930333,2.79067,3.42367,6.56833,2.262,2.97833,1.248,4.47967,2.06667,26.4594,9.21935,20.25,26.25,32.25,35.75,42.0,49.0,5500,4.804581818181818,0.0766667,PF/C,PF/C,,,False,False,fd,e69f068c-f0de-462d-b88b-e6dafc1bb1f1,e26be3dd-caac-4eb5-9236-dcf8b49b3a34,6172f545-3a97-4ce9-8a70-bf1b2f2219e6,3000,48.3553,0.0676667,0.000333333,1733517444000,17.627969999999998,14.84563,8.673,20.573299999999996,1.5939999999999999
2024-12-06,Keldon Johnson,SA,SAC,24.7502,14.37,5.29067,1.62733,0.865667,0.25,1.154,1.422,4.26467,3.47667,6.696,3.15067,4.099,1.18633,4.10433,1.86333,25.8732,9.93281,19.1875,25.5,32.5,36.0,43.0,50.5025,4700,5.394212765957446,0.376,PF/SF,PF/SF,,,False,False,fd,e69f068c-f0de-462d-b88b-e6dafc1bb1f1,e26be3dd-caac-4eb5-9236-dcf8b49b3a34,9e134752-3fb7-4673-8572-85bf80c73b4f,3000,50.5017,0.0556667,0.0,1733517444000,19.66067,15.99733,6.918,21.288,1.115667
2024-12-06,Stephon Castle,SA,SAC,32.5292,13.458,3.796,3.813,1.041,0.528667,1.854,1.17633,3.79433,3.505,6.431,2.919,4.13867,0.834,2.962,1.80667,26.745,9.0985,20.25,26.25,32.75,36.2875,42.5,49.2525,5300,5.016547169811321,0.186,PG/SG,PG/SG,,,True,False,fd,e69f068c-f0de-462d-b88b-e6dafc1bb1f1,e26be3dd-caac-4eb5-9236-dcf8b49b3a34,91ebb7f8-ecf3-45e9-ae28-e2a33275de48,3000,66.21,0.0146667,0.0,1733517444000,17.254,17.271,7.609,21.067,1.569667
2024-12-06,Malik Monk,SAC,SA,32.4195,16.7853,3.59533,4.54167,0.921667,0.541,1.621,2.54833,6.62,3.55,6.19033,2.04033,2.42933,0.705667,2.88967,2.78733,31.523,9.64104,24.75,31.25,38.0,41.5,48.0,54.75,7300,4.2026301369863015,0.0586667,SG/PG,SG/PG,,,True,False,fd,e69f068c-f0de-462d-b88b-e6dafc1bb1f1,e26be3dd-caac-4eb5-9236-dcf8b49b3a34,d7c29b53-6681-4f43-9e72-18a86497b8f8,3000,65.564,0.028,0.0,1733517444000,20.38063,21.32697,8.137,24.9223,1.4626670000000002
2024-12-06,Kevin Huerter,SAC,SA,25.143,8.80933,3.208,2.29533,1.19367,0.446,0.891333,1.592,4.309,1.65667,2.84067,0.72,0.943333,0.621333,2.58667,2.031,19.8945,7.86458,14.5,19.5,24.75,28.25,34.0,39.5,4800,4.193666666666666,0.0593333,SG/SF,SG/SF,,,False,False,fd,e69f068c-f0de-462d-b88b-e6dafc1bb1f1,e26be3dd-caac-4eb5-9236-dcf8b49b3a34,8248c4ba-a648-471f-a557-4a827d95ba81,3000,50.9853,0.00166667,0.0,1733517444000,12.01733,11.104659999999999,5.50333,14.31266,1.63967
2024-12-06,Keon Ellis,SAC,SA,3.04638,1.16733,0.456,0.285333,0.131667,0.041,0.111333,0.231667,0.615667,0.152,0.262,0.168333,0.221,0.100667,0.355333,0.306,2.57083,4.12563,0.0,0.0,3.5,6.5,11.25,17.7525,3800,0.6708421052631578,0.0,SG/PG,SG/PG,,,False,False,fd,e69f068c-f0de-462d-b88b-e6dafc1bb1f1,e26be3dd-caac-4eb5-9236-dcf8b49b3a34,834745c1-ca84-411d-82fd-6d62bd8afac5,3000,6.27233,0.0,0.0,1733517444000,1.62333,1.452663,0.741333,1.908663,0.17266700000000001
2024-12-06,Jae Crowder,SAC,SA,11.6517,2.44933,2.46367,0.811333,0.401,0.167333,0.237333,0.463333,1.322,0.380667,0.747,0.298,0.373,0.503667,1.96,0.977333,7.99608,6.6341,2.5,7.0,12.25,15.25,20.25,26.5,3600,2.2473333333333336,0.0,PF/SF,PF/SF,,,False,False,fd,e69f068c-f0de-462d-b88b-e6dafc1bb1f1,e26be3dd-caac-4eb5-9236-dcf8b49b3a34,8f35042b-55c8-4126-a7bc-2e631903cda4,3000,23.6893,0.000333333,0.0,1733517444000,4.913,3.2606629999999996,3.275003,5.724333000000001,0.568333
2024-12-06,David Duke,SA,SAC,3.39934,1.837,0.516,0.247667,0.107667,0.0333333,0.215667,0.142,0.447,0.514333,0.975333,0.382333,0.509,0.113333,0.402667,0.358333,3.09867,5.25631,0.0,0.0,4.0,8.0,15.0125,21.75,3500,0.8671514285714285,0.0,SG,SG,,,False,False,fd,e69f068c-f0de-462d-b88b-e6dafc1bb1f1,e26be3dd-caac-4eb5-9236-dcf8b49b3a34,66b20dda-c675-460d-9b22-bca4efb79d28,3000,6.98333,0.0,0.0,1733517444000,2.3529999999999998,2.084667,0.763667,2.6006669999999996,0.1410003
2024-12-06,Riley Minix,SA,SAC,4.10521,2.30767,0.574,0.296333,0.0613333,0.035,0.192,0.377667,0.981667,0.382,0.722333,0.410667,0.51,0.124,0.45,0.365667,3.75517,6.02802,0.0,0.0,5.5,9.25,17.25,26.25,3500,1.0108485714285715,0.0,SF,SF,,,False,False,fd,e69f068c-f0de-462d-b88b-e6dafc1bb1f1,e26be3dd-caac-4eb5-9236-dcf8b49b3a34,b2c74a1f-4755-4678-9327-eefd79fe5bf2,3000,8.391,0.0,0.0,1733517444000,2.8816699999999997,2.604003,0.870333,3.178003,0.09633330000000001
2024-12-06,Keegan Murray,SAC,SA,36.8257,10.875,7.122,0.986333,0.993333,0.766,0.754667,1.806,4.79533,2.266,3.76767,0.925,1.15033,1.37667,5.74533,2.851,25.4703,8.20267,19.5,25.0,30.75,34.0,40.25,46.25,6100,4.1679016393442625,0.03,PF/SF,PF/SF,,,True,False,fd,e69f068c-f0de-462d-b88b-e6dafc1bb1f1,e26be3dd-caac-4eb5-9236-dcf8b49b3a34,383e2e47-67ab-4c7d-8c4d-6446cbd42454,3000,74.4583,0.112667,0.0,1733517444000,17.997,11.861333,8.108333,18.983333,1.759333
